time,latitude,longitude,depth,mag,magType,nst,gap,dmin,rms,net,id,updated,place,type,horizontalError,depthError,magError,magNst,status,locationSource,magSource,month,year,date
2019-08-02 12:03:27.001000+00:00,-7.2822,104.7907,49.0,6.9,mw,,23.0,2.839,0.76,us,us60004zhq,2024/12/17 04:45:42.720+00,"152 km SW of Labuan, Indonesia",earthquake,7.0,1.9,0.043,51.0,reviewed,us,us,8,2019,2019-08-02
1954-07-03 22:31:27.020000+00:00,-6.624,105.447,60.0,6.82,mw,,,,,iscgem,iscgem890812,2022/04/26 17:44:40.650+00,"50 km WSW of Labuan, Indonesia",earthquake,,5.2,0.43,,reviewed,iscgem,iscgem,7,1954,1954-07-03
1913-08-13 04:25:42.330000+00:00,-6.746,105.213,35.0,6.63,mw,,,,,iscgem,iscgem914089,2022/04/26 00:09:43.553+00,"79 km WSW of Labuan, Indonesia",earthquake,,30.2,0.23,,reviewed,iscgem,iscgem,8,1913,1913-08-13
2022-01-14 09:05:41.461000+00:00,-6.86,105.2887,33.0,6.6,mw,,22.0,2.418,0.54,us,us7000gbu4,2025/01/05 02:11:45.617+00,"80 km SW of Labuan, Indonesia",earthquake,3.5,1.7,0.063,24.0,reviewed,us,us,1,2022,2022-01-14
1999-12-21 14:14:57.610000+00:00,-6.845,105.555,56.0,6.5,mw,,,,1.03,us,usp0009k3r,2022/04/29 19:35:14.014+00,"59 km SSW of Labuan, Indonesia",earthquake,,,,,reviewed,us,us,12,1999,1999-12-21
1923-05-12 01:20:09.470000+00:00,-6.904,105.265,25.0,6.45,mw,,,,,iscgem,iscgem911366,2022/04/25 23:35:33.571+00,"85 km SW of Labuan, Indonesia",earthquake,,30.3,0.2,,reviewed,iscgem,iscgem,5,1923,1923-05-12
1971-05-04 02:04:32.450000+00:00,-6.564,105.407,45.0,6.44,mw,,,,,iscgem,iscgem784056,2022/04/26 21:15:00.317+00,"51 km WSW of Labuan, Indonesia",earthquake,,5.0,0.23,,reviewed,iscgem,iscgem,5,1971,1971-05-04
1997-03-17 08:05:48.410000+00:00,-6.614,105.514,33.0,6.4,mw,,,,1.1,us,usp0007yym,2022/04/29 16:46:21.736+00,"43 km SW of Labuan, Indonesia",earthquake,,,,,reviewed,us,hrv,3,1997,1997-03-17
1931-01-18 13:11:31.860000+00:00,-7.753,105.345,35.0,6.27,mw,,,,,iscgem,iscgem906577,2022/04/25 22:11:54.399+00,"157 km WSW of Pelabuhanratu, Indonesia",earthquake,,25.0,0.25,,reviewed,iscgem,iscgem,1,1931,1931-01-18
1930-06-19 13:27:03.950000+00:00,-6.656,104.598,15.0,6.1,mw,,,,,iscgem,iscgem907458,2022/04/25 22:29:45.335+00,"139 km WSW of Labuan, Indonesia",earthquake,,15.2,0.2,,reviewed,iscgem,iscgem,6,1930,1930-06-19
2009-10-16 09:52:50.830000+00:00,-6.534,105.223,38.0,6.1,mw,388.0,15.2,,1.02,us,usp000h325,2023/03/17 00:20:52.893+00,"69 km WSW of Labuan, Indonesia",earthquake,,,,,reviewed,us,us,10,2009,2009-10-16
1979-10-10 13:39:14+00:00,-7.213,106.035,33.0,6.043229999999999,mw,,,,,us,usp00013bk,2022/04/27 14:50:53.709+00,"62 km WSW of Pelabuhanratu, Indonesia",earthquake,,,,,reviewed,us,us,10,1979,1979-10-10
1984-03-10 09:02:00.660000+00:00,-7.641,106.957,52.1,6.0,mw,,,,1.3,us,usp00022j3,2022/04/27 23:29:13.897+00,"71 km SW of Banjar, Indonesia",earthquake,,,,,reviewed,us,hrv,3,1984,1984-03-10
1963-06-25 14:32:09.210000+00:00,-8.609,106.373,20.0,5.97,mw,,,,,iscgemsup,iscgemsup872574,2022/05/09 19:23:33.146+00,"180 km S of Pelabuhanratu, Indonesia",earthquake,,3.7,0.76,,reviewed,iscgemsup,iscgemsup,6,1963,1963-06-25
1992-10-18 17:42:51.450000+00:00,-6.74,105.602,37.4,5.96528,mw,,,,1.1,us,usp0005fhu,2022/04/28 18:33:17.457+00,"47 km SSW of Labuan, Indonesia",earthquake,,6.6,,14.0,reviewed,us,us,10,1992,1992-10-18
1954-06-04 10:41:35.110000+00:00,-8.475,105.585,15.0,5.91,mw,,,,,iscgem,iscgem890724,2022/04/26 17:43:30.212+00,"196 km SSW of Pelabuhanratu, Indonesia",earthquake,,25.0,0.26,,reviewed,iscgem,iscgem,6,1954,1954-06-04
1981-10-23 13:26:21.720000+00:00,-8.812,106.456,33.0,5.90512,mw,,,,1.2,us,usp0001gmt,2022/04/27 23:02:07.751+00,"202 km S of Pelabuhanratu, Indonesia",earthquake,,,,3.0,reviewed,us,us,10,1981,1981-10-23
2018-01-23 06:34:54.980000+00:00,-7.0924,105.9632,48.19,5.9,mw,,27.0,1.66,1.45,us,us2000cmwz,2023/03/17 02:39:23.698+00,"66 km W of Pelabuhanratu, Indonesia",earthquake,6.0,3.9,0.052,36.0,reviewed,us,us,1,2018,2018-01-23
2012-06-04 11:18:13.450000+00:00,-7.692,106.371,50.0,5.9,mw,542.0,26.6,,0.88,us,usp000jmap,2022/05/03 15:41:44.131+00,"80 km SSW of Pelabuhanratu, Indonesia",earthquake,,,,,reviewed,us,us,6,2012,2012-06-04
1951-10-14 09:29:44.910000+00:00,-7.616,106.823,55.0,5.86,mw,,,,,iscgem,iscgem894808,2022/04/26 18:18:37.670+00,"75 km SSE of Pelabuhanratu, Indonesia",earthquake,,4.7,0.2,,reviewed,iscgem,iscgem,10,1951,1951-10-14
1934-12-09 11:19:04.100000+00:00,-7.633,105.933,35.0,5.84,mw,,,,,iscgem,iscgem905302,2022/04/25 21:50:22.784+00,"98 km SW of Pelabuhanratu, Indonesia",earthquake,,21.3,0.2,,reviewed,iscgem,iscgem,12,1934,1934-12-09
2001-03-12 23:35:08.370000+00:00,-7.206,106.116,33.0,5.8,mw,256.0,,,0.91,us,usp000aba1,2022/04/29 19:09:01.347+00,"53 km WSW of Pelabuhanratu, Indonesia",earthquake,,,,,reviewed,us,hrv,3,2001,2001-03-12
1993-02-10 10:53:07.200000+00:00,-7.745,105.262,32.8,5.8,mw,,,,1.2,us,usp0005mvu,2022/04/28 18:20:02.495+00,"163 km SSW of Labuan, Indonesia",earthquake,,,,,reviewed,us,hrv,2,1993,1993-02-10
1990-01-05 10:10:21.810000+00:00,-8.8,106.442,29.0,5.8,mw,,,,1.3,us,usp00043xp,2022/04/28 20:00:40.855+00,"200 km S of Pelabuhanratu, Indonesia",earthquake,,,,,reviewed,us,hrv,1,1990,1990-01-05
1990-04-06 05:47:43.650000+00:00,-6.817,105.14,33.0,5.8,mw,,,,1.3,us,usp00047hw,2022/04/28 19:51:28.899+00,"90 km WSW of Labuan, Indonesia",earthquake,,,,,reviewed,us,hrv,4,1990,1990-04-06
2016-11-07 21:31:28.330000+00:00,-8.11,104.8401,33.0,5.8,mw,,19.0,4.169,0.83,us,us10007659,2022/05/03 19:46:40.019+00,"220 km SSW of Labuan, Indonesia",earthquake,7.9,1.8,,,reviewed,us,us,11,2016,2016-11-07
1933-07-13 14:23:25.730000+00:00,-7.857,106.792,35.0,5.79,mw,,,,,iscgem,iscgem905708,2022/04/25 21:56:43.457+00,"99 km SSE of Pelabuhanratu, Indonesia",earthquake,,12.4,0.35,,reviewed,iscgem,iscgem,7,1933,1933-07-13
1959-07-19 03:42:09.420000+00:00,-6.597,105.339,35.0,5.77,mw,,,,,iscgem,iscgem882466,2022/04/26 16:45:39.523+00,"59 km WSW of Labuan, Indonesia",earthquake,,17.8,0.22,,reviewed,iscgem,iscgem,7,1959,1959-07-19
1983-07-29 11:25:27.610000+00:00,-6.726,105.59,33.0,5.724640000000001,mw,,,,1.0,us,usp0001x6h,2022/04/27 23:56:20.595+00,"46 km SW of Labuan, Indonesia",earthquake,,,,8.0,reviewed,us,us,7,1983,1983-07-29
1994-09-12 11:30:14.920000+00:00,-8.91,106.476,33.0,5.7,mw,,,,1.2,us,usp0006j9a,2022/04/28 17:31:43.057+00,"212 km S of Pelabuhanratu, Indonesia",earthquake,,,,,reviewed,us,hrv,9,1994,1994-09-12
2017-06-11 23:15:06.150000+00:00,-8.3206,106.259,7.0,5.7,mw,,46.0,2.004,1.46,us,us20009lwc,2022/05/03 18:59:43.679+00,"150 km SSW of Pelabuhanratu, Indonesia",earthquake,3.2,1.7,0.048,42.0,reviewed,us,us,6,2017,2017-06-11
1930-04-27 09:56:33.490000+00:00,-7.807,106.46,35.0,5.68,mw,,,,,iscgem,iscgem907337,2022/04/25 22:27:20.724+00,"91 km S of Pelabuhanratu, Indonesia",earthquake,,25.0,0.2,,reviewed,iscgem,iscgem,4,1930,1930-04-27
1965-07-07 23:00:00.280000+00:00,-6.819,105.505,35.0,5.68,mw,,,,,iscgem,iscgem855208,2022/04/26 23:36:46.945+00,"60 km SW of Labuan, Indonesia",earthquake,,30.3,0.39,,reviewed,iscgem,iscgem,7,1965,1965-07-07
1983-05-02 06:59:58.830000+00:00,-8.665,106.357,33.0,5.66448,mw,,,,1.2,us,usp0001ux1,2022/04/27 23:58:55.709+00,"186 km S of Pelabuhanratu, Indonesia",earthquake,,,,9.0,reviewed,us,us,5,1983,1983-05-02
1992-09-06 23:46:12.020000+00:00,-7.072,105.482,33.0,5.66448,mw,,,,1.2,us,usp0005dp5,2022/04/28 18:35:07.819+00,"85 km SSW of Labuan, Indonesia",earthquake,,,,6.0,reviewed,us,us,9,1992,1992-09-06
1965-05-19 06:03:56.250000+00:00,-6.575,105.311,35.0,5.62,mw,,,,,iscgem,iscgem856984,2022/04/26 23:40:05.841+00,"61 km WSW of Labuan, Indonesia",earthquake,,17.8,0.64,,reviewed,iscgem,iscgem,5,1965,1965-05-19
1939-07-25 07:17:24.860000+00:00,-7.52,107.047,50.0,5.62,mw,,,,,iscgem,iscgem902088,2022/04/25 20:48:23.583+00,"55 km SW of Banjar, Indonesia",earthquake,,12.5,0.3,,reviewed,iscgem,iscgem,7,1939,1939-07-25
1984-08-19 11:31:00.940000+00:00,-8.494,106.155,33.0,5.60432,mw,,,,1.1,us,usp00026ht,2022/04/27 23:14:56.387+00,"172 km SSW of Pelabuhanratu, Indonesia",earthquake,,,,1.0,reviewed,us,us,8,1984,1984-08-19
1973-07-04 23:38:50.800000+00:00,-7.586,104.544,33.0,5.60432,mw,,,,,us,usp00002j4,2014/11/06 23:21:14.118+00,"195 km SW of Labuan, Indonesia",earthquake,,,,,reviewed,us,us,7,1973,1973-07-04
2024-02-25 13:07:04.300000+00:00,-7.3405,105.9282,34.0,5.6,mw,133.0,54.0,1.712,0.72,us,us7000m1h8,2024/05/02 15:50:14.040+00,"79 km WSW of Pelabuhanratu, Indonesia",earthquake,7.95,1.798,0.056,31.0,reviewed,us,us,2,2024,2024-02-25
1998-05-24 02:32:53.530000+00:00,-6.513,104.906,52.9,5.6,mw,,,,1.35,us,usp0008nn3,2022/04/29 17:27:44.857+00,"103 km W of Labuan, Indonesia",earthquake,,9.9,,,reviewed,us,hrv,5,1998,1998-05-24
1979-04-29 05:53:47.800000+00:00,-7.843,104.977,35.0,5.54416,mw,,,,,us,usp00010br,2014/11/06 23:22:00.571+00,"187 km SSW of Labuan, Indonesia",earthquake,,,,,reviewed,us,us,4,1979,1979-04-29
1977-02-27 08:30:00.600000+00:00,-6.337,104.866,59.0,5.5378799999999995,mw,,,,,us,usp0000mrb,2022/04/27 16:38:23.771+00,"106 km W of Labuan, Indonesia",earthquake,,,,,reviewed,us,us,2,1977,1977-02-27
2023-02-07 00:35:51.557000+00:00,-7.2442,106.0073,50.524,5.5378799999999995,mw,161.0,53.0,4.174,0.55,us,us6000jm4c,2023/04/15 21:39:41.040+00,"66 km WSW of Pelabuhanratu, Indonesia",earthquake,7.91,2.626,0.044,179.0,reviewed,us,us,2,2023,2023-02-07
1978-12-20 13:02:30.800000+00:00,-6.593,105.336,51.0,5.5378799999999995,mw,,,,,us,usp0000y0f,2022/04/27 15:19:55.056+00,"59 km WSW of Labuan, Indonesia",earthquake,,,,,reviewed,us,us,12,1978,1978-12-20
2005-10-10 10:55:48.430000+00:00,-6.881,105.459,30.0,5.5,mw,95.0,34.0,,1.14,us,usp000e1gt,2022/05/02 18:03:55.726+00,"69 km SW of Labuan, Indonesia",earthquake,,,,,reviewed,us,hrv,10,2005,2005-10-10
1987-10-09 10:17:38.990000+00:00,-7.871,105.256,30.2,5.5,mw,,,,1.2,us,usp000393p,2022/04/27 21:32:06.523+00,"Java, Indonesia",earthquake,,,,,reviewed,us,hrv,10,1987,1987-10-09
2000-03-10 16:22:47.180000+00:00,-8.701,106.379,33.0,5.5,mw,,,,1.17,us,usp0009phb,2016/11/09 22:02:45.540+00,"190 km S of Pelabuhanratu, Indonesia",earthquake,,,,,reviewed,us,us,3,2000,2000-03-10
2006-12-23 22:59:40.530000+00:00,-6.785,105.635,30.0,5.5,mw,206.0,48.5,,0.81,us,usp000f0uy,2020/09/18 21:18:24.336+00,"49 km SSW of Labuan, Indonesia",earthquake,,,,,reviewed,us,us,12,2006,2006-12-23
1992-11-18 21:26:13.030000+00:00,-7.268,106.193,48.2,5.4368099999999995,mw,,,,1.2,us,usp0005h1e,2014/11/07 00:51:53.093+00,"50 km SW of Pelabuhanratu, Indonesia",earthquake,,,,43.0,reviewed,us,us,11,1992,1992-11-18
1975-06-06 20:41:55.100000+00:00,-6.56,104.883,33.0,5.4368099999999995,mw,,,,,us,usp0000bbr,2014/11/06 23:21:30.555+00,"106 km W of Labuan, Indonesia",earthquake,,,,,reviewed,us,us,6,1975,1975-06-06
1980-07-23 13:32:21.400000+00:00,-7.566,106.386,33.0,5.4368099999999995,mw,,,,,us,usp000191s,2014/11/06 23:24:24.582+00,"66 km SSW of Pelabuhanratu, Indonesia",earthquake,,,,,reviewed,us,us,7,1980,1980-07-23
2003-11-24 23:53:57.320000+00:00,-7.56,106.203,33.0,5.4,mw,144.0,45.1,,1.09,us,usp000cdud,2022/05/02 16:54:37.206+00,"74 km SSW of Pelabuhanratu, Indonesia",earthquake,,,,,reviewed,us,hrv,11,2003,2003-11-24
2006-02-26 14:42:59.610000+00:00,-8.66,106.04,3.6,5.4,mw,117.0,46.9,,0.93,us,usp000eax5,2016/11/10 01:18:03.450+00,"193 km SSW of Pelabuhanratu, Indonesia",earthquake,,18.1,,,reviewed,us,hrv,2,2006,2006-02-26
2023-08-17 04:28:48.151000+00:00,-7.4965,105.5471,54.787,5.4,mw,146.0,43.0,2.085,0.65,us,us7000knxb,2023/10/27 21:39:02.040+00,"124 km WSW of Pelabuhanratu, Indonesia",earthquake,7.35,5.401,0.078,16.0,reviewed,us,us,8,2023,2023-08-17
2015-11-28 14:47:18.970000+00:00,-7.0548,105.9999,51.34,5.4,mw,,47.0,3.421,1.42,us,us100041wc,2022/08/01 20:48:26.393+00,"61 km W of Pelabuhanratu, Indonesia",earthquake,6.1,4.2,,,reviewed,us,us,11,2015,2015-11-28
2003-12-03 12:04:04.210000+00:00,-6.959,106.274,33.0,5.4,mw,153.0,56.0,,0.94,us,usp000cedr,2022/05/02 16:55:08.107+00,"30 km W of Pelabuhanratu, Indonesia",earthquake,,,,,reviewed,us,hrv,12,2003,2003-12-03
2020-11-04 22:21:49.702000+00:00,-7.3061,106.1567,39.99,5.3357399999999995,mw,,26.0,1.489,0.8,us,us7000cajk,2021/01/23 22:25:27.040+00,"56 km SW of Pelabuhanratu, Indonesia",earthquake,2.2,4.9,0.054,114.0,reviewed,us,us,11,2020,2020-11-04
1995-05-16 08:40:45.450000+00:00,-8.614,106.013,31.0,5.3357399999999995,mw,,,,1.0,us,usp0006xf3,2014/11/07 00:57:56.156+00,"189 km SSW of Pelabuhanratu, Indonesia",earthquake,,,,27.0,reviewed,us,us,5,1995,1995-05-16
2016-08-12 08:30:07.790000+00:00,-6.5442,104.9177,56.45,5.3357399999999995,mw,,54.0,2.919,1.2,us,us10006d92,2016/11/15 02:21:46.040+00,"102 km W of Labuan, Indonesia",earthquake,6.6,6.4,0.061,90.0,reviewed,us,us,8,2016,2016-08-12
2019-01-08 09:54:47.990000+00:00,-7.8778,106.5655,35.0,5.3357399999999995,mw,,46.0,1.476,1.11,us,us2000j1c6,2019/08/24 07:38:31.548+00,"98 km S of Pelabuhanratu, Indonesia",earthquake,3.0,1.9,0.053,117.0,reviewed,us,us,1,2019,2019-01-08
2017-07-08 22:48:31.650000+00:00,-7.4094,105.9824,8.54,5.3357399999999995,mw,,25.0,3.069,1.15,us,us1000989m,2022/05/03 18:33:11.842+00,"78 km SW of Pelabuhanratu, Indonesia",earthquake,5.8,3.3,0.048,143.0,reviewed,us,us,7,2017,2017-07-08
1985-06-05 17:09:57.840000+00:00,-7.302,104.823,33.0,5.3357399999999995,mw,,,,1.4,us,usp0002fjj,2014/11/07 00:36:42.273+00,"151 km SW of Labuan, Indonesia",earthquake,,,,4.0,reviewed,us,us,6,1985,1985-06-05
1984-07-21 02:18:18.630000+00:00,-8.211,106.225,33.0,5.3357399999999995,mw,,,,1.2,us,usp00025vv,2014/11/07 00:35:12.273+00,"140 km SSW of Pelabuhanratu, Indonesia",earthquake,,,,9.0,reviewed,us,us,7,1984,1984-07-21
1978-09-12 18:17:00.600000+00:00,-7.766,106.803,33.0,5.3357399999999995,mw,,,,,us,usp0000wh4,2014/11/06 23:21:52.115+00,"90 km SSE of Pelabuhanratu, Indonesia",earthquake,,,,,reviewed,us,us,9,1978,1978-09-12
2010-08-11 19:10:21.430000+00:00,-7.495,107.058,37.4,5.3,mw,317.0,18.4,,1.01,us,usp000hhyz,2022/07/18 18:24:42.766+00,"52 km SW of Banjar, Indonesia",earthquake,,4.4,,,reviewed,us,gcmt,8,2010,2010-08-11
2022-03-12 05:31:11.226000+00:00,-7.3172,106.0704,42.31,5.3,mw,,54.0,1.573,1.02,us,us6000h3ys,2022/05/27 14:55:19.040+00,"64 km SW of Pelabuhanratu, Indonesia",earthquake,6.6,6.6,0.075,17.0,reviewed,us,us,3,2022,2022-03-12
2018-05-09 21:25:58.830000+00:00,-6.3375,104.9107,46.85,5.3,mw,,23.0,2.765,1.03,us,us1000e1mn,2023/03/16 04:56:18.659+00,"101 km W of Labuan, Indonesia",earthquake,6.9,4.5,0.071,19.0,reviewed,us,us,5,2018,2018-05-09
2013-04-08 18:53:44.370000+00:00,-7.091,106.072,56.4,5.3,mw,410.0,23.3,,0.82,us,usb000g2b9,2022/07/24 23:04:32.972+00,"54 km WSW of Pelabuhanratu, Indonesia",earthquake,,3.7,,,reviewed,us,us,4,2013,2013-04-08
2021-11-10 02:50:07.762000+00:00,-7.5917,105.8256,21.04,5.2346699999999995,mw,,45.0,1.813,0.84,us,us7000fsv8,2022/08/06 19:48:32.675+00,"104 km SW of Pelabuhanratu, Indonesia",earthquake,2.3,4.2,0.062,83.0,reviewed,us,us,11,2021,2021-11-10
2018-10-29 21:11:17.140000+00:00,-6.883,104.934,27.3,5.2346699999999995,mw,,114.0,2.662,1.36,us,us1000hir2,2019/01/21 14:29:38.040+00,"113 km WSW of Labuan, Indonesia",earthquake,7.1,3.8,0.063,82.0,reviewed,us,us,10,2018,2018-10-29
1989-11-17 19:12:57.400000+00:00,-8.703,106.356,23.8,5.2346699999999995,mw,,,,1.4,us,usp000424q,2014/11/07 00:45:12.774+00,"190 km S of Pelabuhanratu, Indonesia",earthquake,,,,10.0,reviewed,us,us,11,1989,1989-11-17
2019-07-28 14:25:02.625000+00:00,-6.9777,106.1423,58.47,5.2346699999999995,mw,,102.0,1.469,0.82,us,us60004wrw,2023/03/16 05:07:00.244+00,"45 km W of Pelabuhanratu, Indonesia",earthquake,7.9,3.1,0.065,77.0,reviewed,us,us,7,2019,2019-07-28
1986-05-22 17:56:46.330000+00:00,-8.212,105.615,21.0,5.2346699999999995,mw,,,,1.2,us,usp0002uaq,2014/11/07 00:38:25.552+00,"170 km SW of Pelabuhanratu, Indonesia",earthquake,,,,6.0,reviewed,us,us,5,1986,1986-05-22
2006-02-13 10:46:05.010000+00:00,-6.346,104.801,31.5,5.2346699999999995,mw,41.0,79.1,,0.9,us,usp000ea04,2014/11/07 01:28:18.234+00,"113 km SSW of Bandar Lampung, Indonesia",earthquake,,,,13.0,reviewed,us,us,2,2006,2006-02-13
1982-03-22 17:15:23.690000+00:00,-8.63,106.006,34.0,5.2346699999999995,mw,,,,1.2,us,usp0001k9p,2014/11/07 00:31:01.409+00,"191 km SSW of Pelabuhanratu, Indonesia",earthquake,,,,15.0,reviewed,us,us,3,1982,1982-03-22
1995-02-24 06:24:06.750000+00:00,-8.109,105.72,38.8,5.2346699999999995,mw,,,,0.9,us,usp0006tex,2014/11/07 00:57:22.520+00,"154 km SW of Pelabuhanratu, Indonesia",earthquake,,,,27.0,reviewed,us,us,2,1995,1995-02-24
1983-10-02 00:24:24.780000+00:00,-8.142,105.544,33.0,5.2346699999999995,mw,,,,0.6,us,usp0001ysm,2014/11/07 00:33:54.935+00,"169 km SW of Pelabuhanratu, Indonesia",earthquake,,,,4.0,reviewed,us,us,10,1983,1983-10-02
1978-05-30 11:27:57.400000+00:00,-8.29,106.162,33.0,5.2346699999999995,mw,,,,,us,usp0000uu9,2014/11/06 23:21:49.441+00,"150 km SSW of Pelabuhanratu, Indonesia",earthquake,,,,,reviewed,us,us,5,1978,1978-05-30
1987-03-02 22:34:38.340000+00:00,-6.712,104.609,33.0,5.2346699999999995,mw,,,,1.3,us,usp00032xw,2014/11/07 00:39:59.040+00,"139 km WSW of Labuan, Indonesia",earthquake,,,,7.0,reviewed,us,us,3,1987,1987-03-02
2015-11-04 06:14:32.820000+00:00,-6.7492,105.0488,10.0,5.2346699999999995,mw,,41.0,2.548,1.37,us,us200041us,2022/08/01 15:49:04.166+00,"95 km WSW of Labuan, Indonesia",earthquake,6.3,1.7,0.079,52.0,reviewed,us,us,11,2015,2015-11-04
2017-12-16 00:22:30.840000+00:00,-7.8842,106.8195,44.0,5.2,mw,,27.0,1.316,0.99,us,us2000c551,2018/03/06 00:49:43.040+00,"101 km SW of Banjar, Indonesia",earthquake,6.3,1.8,0.075,17.0,reviewed,us,us,12,2017,2017-12-16
2014-07-09 00:01:28.360000+00:00,-6.9793,104.8194,6.16,5.2,mw,,48.0,3.026,1.08,us,usb000rr51,2022/05/03 18:17:09.824+00,"130 km WSW of Labuan, Indonesia",earthquake,,2.5,0.061,26.0,reviewed,us,us,7,2014,2014-07-09
2014-11-03 08:56:30.790000+00:00,-7.4091,105.9668,25.05,5.1335999999999995,mw,,52.0,1.735,0.74,us,usc000stmf,2015/01/20 09:03:14.040+00,"Java, Indonesia",earthquake,5.2,0.6,0.082,51.0,reviewed,us,us,11,2014,2014-11-03
2014-01-09 16:16:51.240000+00:00,-6.9559,105.4281,42.78,5.1335999999999995,mw,,95.0,2.174,1.03,us,usc000lzdf,2014/03/15 03:38:48+00,"77 km SW of Labuan, Indonesia",earthquake,,5.3,0.068,74.0,reviewed,us,us,1,2014,2014-01-09
2007-05-16 23:37:42.580000+00:00,-6.584,105.22,16.1,5.1335999999999995,mw,110.0,57.5,,0.93,us,usp000fc3z,2014/11/07 01:32:28.725+00,"71 km WSW of Labuan, Indonesia",earthquake,,15.9,,25.0,reviewed,us,us,5,2007,2007-05-16
2010-03-03 19:34:50.590000+00:00,-7.382,104.609,35.0,5.1335999999999995,mw,77.0,74.9,,1.01,us,usp000h8mv,2014/11/07 01:40:54.439+00,"174 km SW of Labuan, Indonesia",earthquake,,,,27.0,reviewed,us,us,3,2010,2010-03-03
2012-04-30 16:56:42.110000+00:00,-8.354,105.422,18.7,5.1335999999999995,mw,116.0,46.7,,0.9,us,usp000jjtr,2014/11/07 01:47:39.044+00,"195 km SW of Pelabuhanratu, Indonesia",earthquake,,11.3,,42.0,reviewed,us,us,4,2012,2012-04-30
2019-05-12 08:51:41.504000+00:00,-6.5488,104.6291,35.0,5.1335999999999995,mw,,78.0,2.738,1.04,us,us70003k07,2019/08/01 17:15:13.040+00,"134 km W of Labuan, Indonesia",earthquake,6.9,2.0,0.064,78.0,reviewed,us,us,5,2019,2019-05-12
2012-12-30 07:56:52.070000+00:00,-6.96,105.283,48.3,5.1335999999999995,mw,156.0,32.5,,0.79,us,usp000jxkx,2014/11/07 01:49:40.998+00,"88 km SW of Labuan, Indonesia",earthquake,,4.1,,57.0,reviewed,us,us,12,2012,2012-12-30
2011-06-17 01:15:34.810000+00:00,-6.96,104.677,35.8,5.1335999999999995,mw,106.0,51.4,,1.5,us,usp000j39y,2014/11/07 01:45:06.365+00,"142 km WSW of Labuan, Indonesia",earthquake,,6.9,,37.0,reviewed,us,us,6,2011,2011-06-17
1992-12-07 22:50:29.270000+00:00,-6.963,104.544,36.5,5.1335999999999995,mw,,,,0.8,us,usp0005hyb,2014/11/07 00:52:00.918+00,"156 km WSW of Labuan, Indonesia",earthquake,,,,11.0,reviewed,us,us,12,1992,1992-12-07
1984-04-18 22:22:47.370000+00:00,-7.016,106.138,49.6,5.1335999999999995,mw,,,,1.0,us,usp00023nm,2014/11/07 00:34:46.652+00,"45 km W of Pelabuhanratu, Indonesia",earthquake,,7.6,,9.0,reviewed,us,us,4,1984,1984-04-18
1990-04-13 14:17:04.030000+00:00,-7.12,106.695,33.0,5.1335999999999995,mw,,,,1.1,us,usp00047vw,2014/11/07 00:46:09.386+00,"21 km SE of Pelabuhanratu, Indonesia",earthquake,,,,4.0,reviewed,us,us,4,1990,1990-04-13
1988-04-05 01:21:57.910000+00:00,-6.735,105.471,33.0,5.1335999999999995,mw,,,,1.1,us,usp0003epe,2014/11/07 00:41:55.540+00,"55 km SW of Labuan, Indonesia",earthquake,,,,6.0,reviewed,us,us,4,1988,1988-04-05
1988-06-25 15:56:40.970000+00:00,-8.846,106.257,32.1,5.1335999999999995,mw,,,,1.2,us,usp0003h9u,2014/11/07 00:42:21.595+00,"208 km S of Pelabuhanratu, Indonesia",earthquake,,,,8.0,reviewed,us,us,6,1988,1988-06-25
1991-01-30 11:17:02.900000+00:00,-7.317,106.729,33.0,5.1335999999999995,mw,,,,1.0,us,usp0004mbn,2014/11/07 00:47:53.740+00,"41 km SSE of Pelabuhanratu, Indonesia",earthquake,,,,9.0,reviewed,us,us,1,1991,1991-01-30
2021-04-27 09:23:39.234000+00:00,-7.4516,106.9425,56.93,5.1335999999999995,mw,,35.0,0.701,0.62,us,us7000dxtl,2023/03/16 08:08:16.619+00,"59 km S of Sukabumi, Indonesia",earthquake,7.9,5.0,0.053,120.0,reviewed,us,us,4,2021,2021-04-27
1993-09-11 02:02:18.990000+00:00,-8.823,106.21,33.0,5.1335999999999995,mw,,,,1.0,us,usp000603x,2014/11/07 00:53:56.827+00,"206 km S of Pelabuhanratu, Indonesia",earthquake,,,,5.0,reviewed,us,us,9,1993,1993-09-11
1988-12-30 16:38:05.360000+00:00,-8.712,106.126,28.8,5.1335999999999995,mw,,,,1.0,us,usp0003qbd,2014/11/07 00:43:19.746+00,"196 km SSW of Pelabuhanratu, Indonesia",earthquake,,,,12.0,reviewed,us,us,12,1988,1988-12-30
2000-06-05 17:43:24.020000+00:00,-7.359,106.664,33.0,5.1,mw,106.0,,,1.13,us,usp0009u2j,2016/11/09 22:41:11.135+00,"42 km SSE of Pelabuhanratu, Indonesia",earthquake,,,,,reviewed,us,hrv,6,2000,2000-06-05
1992-07-11 02:25:55.050000+00:00,-7.35,106.656,33.0,5.0325299999999995,mw,,,,1.1,us,usp0005anj,2014/11/07 00:51:02.963+00,"41 km SSE of Pelabuhanratu, Indonesia",earthquake,,,,4.0,reviewed,us,us,7,1992,1992-07-11
1993-05-22 00:51:38.380000+00:00,-7.768,104.443,33.0,5.0325299999999995,mw,,,,0.7,us,usp0005t8b,2014/11/07 00:53:03.168+00,"217 km SW of Labuan, Indonesia",earthquake,,,,10.0,reviewed,us,us,5,1993,1993-05-22
1987-01-08 01:18:04.990000+00:00,-7.269,105.96,33.0,5.0325299999999995,mw,,,,1.0,us,usp00031g2,2014/11/07 00:39:38.001+00,"72 km WSW of Pelabuhanratu, Indonesia",earthquake,,,,7.0,reviewed,us,us,1,1987,1987-01-08
1987-09-03 08:33:22.900000+00:00,-6.367,104.826,33.0,5.0325299999999995,mw,,,,1.0,us,usp000381v,2014/11/07 00:40:53.804+00,"111 km W of Labuan, Indonesia",earthquake,,,,4.0,reviewed,us,us,9,1987,1987-09-03
2024-10-08 14:12:08.786000+00:00,-7.6107,106.5374,38.155,5.0325299999999995,mw,103.0,51.0,1.113,1.11,us,us6000nxa0,2024/12/23 15:46:05.040+00,"68 km S of Pelabuhanratu, Indonesia",earthquake,6.01,6.606,0.06,94.0,reviewed,us,us,10,2024,2024-10-08
2024-07-11 22:18:09.873000+00:00,-7.4777,105.0173,17.056,5.0325299999999995,mw,81.0,114.0,2.611,0.55,us,us7000mypl,2024/09/20 16:00:54.040+00,"151 km SW of Labuan, Indonesia",earthquake,9.12,3.939,0.074,58.0,reviewed,us,us,7,2024,2024-07-11
2014-05-30 17:53:19.100000+00:00,-7.2877,106.0089,53.65,5.0325299999999995,mw,,49.0,1.658,0.91,us,usc000r97n,2014/08/26 01:21:05+00,"68 km WSW of Pelabuhanratu, Indonesia",earthquake,,4.5,0.069,66.0,reviewed,us,us,5,2014,2014-05-30
1974-04-23 05:58:13.800000+00:00,-8.896,106.126,33.0,5.0325299999999995,mw,,,,,us,usp000062j,2014/11/06 23:21:23.911+00,"216 km SSW of Pelabuhanratu, Indonesia",earthquake,,,,,reviewed,us,us,4,1974,1974-04-23
2017-03-14 02:51:08.370000+00:00,-7.7564,106.5851,51.37,5.0325299999999995,mw,,83.0,3.887,0.75,us,us100088sg,2017/06/07 00:33:38.040+00,"85 km S of Pelabuhanratu, Indonesia",earthquake,3.6,7.5,0.099,32.0,reviewed,us,us,3,2017,2017-03-14
2017-03-10 16:33:14.990000+00:00,-7.2234,105.2828,45.97,5.0325299999999995,mw,,177.0,3.667,0.57,us,us1000888j,2017/05/31 01:59:01.040+00,"111 km SSW of Labuan, Indonesia",earthquake,5.3,9.6,0.088,40.0,reviewed,us,us,3,2017,2017-03-10
2015-04-09 18:20:28.500000+00:00,-6.7085,105.3343,35.0,5.0325299999999995,mw,,80.0,9.996,0.71,us,us200025e5,2022/07/28 07:11:42.376+00,"65 km WSW of Labuan, Indonesia",earthquake,9.1,1.9,0.072,60.0,reviewed,us,us,4,2015,2015-04-09
1988-12-12 01:16:06.570000+00:00,-8.348,106.671,33.0,5.0325299999999995,mw,,,,1.2,us,usp0003pse,2014/11/07 00:43:16.957+00,"151 km S of Pelabuhanratu, Indonesia",earthquake,,,,1.0,reviewed,us,us,12,1988,1988-12-12
2010-10-14 19:48:22.440000+00:00,-7.564,106.408,36.5,5.0325299999999995,mw,64.0,39.1,,1.19,us,usp000hn3u,2014/11/07 01:42:42.422+00,"65 km SSW of Pelabuhanratu, Indonesia",earthquake,,8.2,,17.0,reviewed,us,us,10,2010,2010-10-14
1999-05-20 12:29:06.250000+00:00,-7.29,106.072,49.6,5.0325299999999995,mw,,,,1.17,us,usp00098cn,2014/11/07 01:07:41.878+00,"62 km WSW of Pelabuhanratu, Indonesia",earthquake,,10.8,,7.0,reviewed,us,us,5,1999,1999-05-20
2004-11-04 14:12:32.670000+00:00,-6.605,104.775,20.6,5.0325299999999995,mw,52.0,71.6,,1.05,us,usp000d7pg,2014/11/07 01:23:56.011+00,"119 km WSW of Labuan, Indonesia",earthquake,,11.7,,17.0,reviewed,us,us,11,2004,2004-11-04
2001-09-03 14:06:47.160000+00:00,-7.656,106.979,33.0,5.0325299999999995,mw,100.0,,,1.03,us,usp000anjr,2014/11/07 01:13:44.064+00,"71 km SW of Banjar, Indonesia",earthquake,,,,25.0,reviewed,us,us,9,2001,2001-09-03
1989-07-30 10:55:37.090000+00:00,-7.322,107.081,33.0,5.0325299999999995,mw,,,,1.3,us,usp0003xur,2014/11/07 00:44:35.418+00,"41 km WSW of Banjar, Indonesia",earthquake,,,,5.0,reviewed,us,us,7,1989,1989-07-30
2022-08-05 09:23:09.522000+00:00,-7.7031,104.8884,10.0,5.0325299999999995,mw,77.0,53.0,2.748,0.39,us,us6000i8bg,2022/10/12 14:50:50.040+00,"179 km SW of Labuan, Indonesia",earthquake,6.48,1.838,0.07,64.0,reviewed,us,us,8,2022,2022-08-05
2007-03-13 07:39:32.300000+00:00,-6.857,105.06,44.5,5.0325299999999995,mw,19.0,132.2,,1.23,us,usp000f6mp,2014/11/07 01:31:52.193+00,"100 km WSW of Labuan, Indonesia",earthquake,,16.3,,6.0,reviewed,us,us,3,2007,2007-03-13
2020-02-10 05:22:56.635000+00:00,-6.768,105.2929,52.32,5.0325299999999995,mw,,174.0,2.438,0.91,us,us70007met,2020/04/25 22:19:07.040+00,"73 km SW of Labuan, Indonesia",earthquake,8.3,6.5,0.074,57.0,reviewed,us,us,2,2020,2020-02-10
1979-09-29 06:31:09.800000+00:00,-6.634,104.9,37.0,5.0325299999999995,mw,,,,,us,usp000135v,2014/11/06 23:22:05.849+00,"106 km WSW of Labuan, Indonesia",earthquake,,,,,reviewed,us,us,9,1979,1979-09-29
1981-01-28 08:48:34.300000+00:00,-8.729,106.198,33.0,5.0325299999999995,mw,,,,,us,usp0001bxm,2014/11/06 23:24:28.877+00,"196 km SSW of Pelabuhanratu, Indonesia",earthquake,,,,,reviewed,us,us,1,1981,1981-01-28
1978-11-11 04:49:39.200000+00:00,-7.963,106.443,33.0,5.0325299999999995,mw,,,,,us,usp0000xd0,2014/11/06 23:21:53.674+00,"108 km S of Pelabuhanratu, Indonesia",earthquake,,,,,reviewed,us,us,11,1978,1978-11-11
1997-12-25 22:30:51.860000+00:00,-7.529,106.604,50.0,5.0325299999999995,mw,,,,0.91,us,usp0008d6v,2014/11/07 01:04:10.405+00,"60 km S of Pelabuhanratu, Indonesia",earthquake,,,,10.0,reviewed,us,us,12,1997,1997-12-25
2010-08-14 01:32:36.890000+00:00,-7.404,105.86,48.8,5.0325299999999995,mw,77.0,51.2,,0.88,us,usp000hj32,2014/11/07 01:42:14.156+00,"Java, Indonesia",earthquake,,6.6,,26.0,reviewed,us,us,8,2010,2010-08-14
2010-08-20 14:12:21.650000+00:00,-8.345,105.88,35.0,5.0325299999999995,mw,53.0,114.7,,1.06,us,usp000hjh2,2014/11/07 01:42:16.260+00,"167 km SSW of Pelabuhanratu, Indonesia",earthquake,,,,16.0,reviewed,us,us,8,2010,2010-08-20
2021-09-18 03:44:49.130000+00:00,-7.7096,104.2739,10.0,5.0325299999999995,mw,,119.0,3.06,1.01,us,us7000fcav,2021/12/03 15:01:28.040+00,"226 km SW of Labuan, Indonesia",earthquake,7.2,1.9,0.095,38.0,reviewed,us,us,9,2021,2021-09-18
2001-10-25 17:18:33.640000+00:00,-7.642,104.552,33.0,5.0325299999999995,mw,7.0,,,0.96,us,usp000armt,2014/11/07 01:14:02.988+00,"198 km SW of Labuan, Indonesia",earthquake,,,,1.0,reviewed,us,us,10,2001,2001-10-25
2011-07-24 08:23:36.380000+00:00,-7.197,106.458,59.1,5.0,mw,121.0,28.7,,1.02,us,usp000j5dj,2022/04/08 21:55:39.247+00,"25 km SSW of Pelabuhanratu, Indonesia",earthquake,,5.0,,,reviewed,us,gcmt,7,2011,2011-07-24
2009-03-27 20:53:26.670000+00:00,-6.963,106.154,47.4,5.0,mw,90.0,46.4,,1.08,us,usp000gvg4,2022/05/02 19:50:56.396+00,"Java, Indonesia",earthquake,,6.5,,,reviewed,us,gcmt,3,2009,2009-03-27
2006-03-16 05:43:09.700000+00:00,-7.366,106.72,20.3,5.0,mw,187.0,47.1,,0.84,us,usp000ec8v,2022/05/02 15:26:45.888+00,"45 km SSE of Pelabuhanratu, Indonesia",earthquake,,11.4,,,reviewed,us,hrv,3,2006,2006-03-16
2024-12-20 18:22:39.340000+00:00,-6.4479,105.0901,54.956,5.0,mw,145.0,41.0,2.734,0.93,us,us7000p0fh,2025/02/27 17:30:53.040+00,"82 km W of Labuan, Indonesia",earthquake,7.33,4.696,0.103,9.0,reviewed,us,us,12,2024,2024-12-20
2024-09-15 09:54:33.875000+00:00,-7.3767,106.6662,51.169,5.0,mw,79.0,56.0,0.979,0.9,us,us7000ne03,2024/11/21 22:58:58.040+00,"44 km SSE of Pelabuhanratu, Indonesia",earthquake,7.69,6.092,0.093,11.0,reviewed,us,us,9,2024,2024-09-15
2020-08-25 23:27:58.019000+00:00,-6.6509,104.6542,35.0,5.0,mw,,44.0,2.834,0.96,us,us7000bd0c,2020/10/31 19:06:29.040+00,"133 km WSW of Labuan, Indonesia",earthquake,7.0,1.9,0.075,17.0,reviewed,us,us,8,2020,2020-08-25
1992-06-29 05:25:52.240000+00:00,-6.403,104.727,56.9,4.9314599999999995,mw,,,,1.2,us,usp00059vc,2014/11/07 00:50:55.547+00,"122 km W of Labuan, Indonesia",earthquake,,,,14.0,reviewed,us,us,6,1992,1992-06-29
2006-05-18 08:33:42.990000+00:00,-7.47,106.086,49.7,4.9314599999999995,mw,45.0,66.2,,0.78,us,usp000ehdc,2014/11/07 01:29:08.273+00,"74 km SW of Pelabuhanratu, Indonesia",earthquake,,,,23.0,reviewed,us,us,5,2006,2006-05-18
2009-06-24 16:00:30.170000+00:00,-6.849,105.062,17.4,4.9314599999999995,mw,58.0,49.6,,1.04,us,usp000gyjd,2014/11/07 01:39:11.525+00,"99 km WSW of Labuan, Indonesia",earthquake,,7.9,,17.0,reviewed,us,us,6,2009,2009-06-24
2024-05-20 13:42:24.141000+00:00,-7.7527,106.4882,44.223,4.9314599999999995,mw,45.0,108.0,1.187,1.21,us,us6000n1ah,2024/08/06 02:09:51.040+00,"84 km S of Pelabuhanratu, Indonesia",earthquake,6.63,6.044,0.111,25.0,reviewed,us,us,5,2024,2024-05-20
2007-07-25 18:25:36.580000+00:00,-6.946,106.24,54.0,4.9314599999999995,mw,62.0,56.6,,0.77,us,usp000fh2w,2014/11/07 01:33:03.545+00,"34 km W of Pelabuhanratu, Indonesia",earthquake,,16.4,,19.0,reviewed,us,us,7,2007,2007-07-25
2007-08-13 18:45:06.740000+00:00,-7.34,106.007,21.5,4.9314599999999995,mw,56.0,58.4,,0.88,us,usp000fjku,2014/11/07 01:33:15.626+00,"71 km WSW of Pelabuhanratu, Indonesia",earthquake,,26.9,,24.0,reviewed,us,us,8,2007,2007-08-13
1991-12-19 16:21:42.600000+00:00,-7.799,106.544,53.2,4.9314599999999995,mw,,,,1.1,us,usp00050p4,2014/11/07 00:49:45.792+00,"89 km S of Pelabuhanratu, Indonesia",earthquake,,18.6,,3.0,reviewed,us,us,12,1991,1991-12-19
1992-02-12 09:48:00.760000+00:00,-8.376,105.51,33.0,4.9314599999999995,mw,,,,0.7,us,usp00052z3,2014/11/07 00:50:05.505+00,"191 km SW of Pelabuhanratu, Indonesia",earthquake,,,,1.0,reviewed,us,us,2,1992,1992-02-12
2018-04-14 08:56:54.770000+00:00,-6.9777,104.8049,45.79,4.9314599999999995,mw,,131.0,2.793,0.93,us,us2000e057,2018/07/07 02:25:22.040+00,"131 km WSW of Labuan, Indonesia",earthquake,8.2,7.8,0.074,56.0,reviewed,us,us,4,2018,2018-04-14
2022-03-18 15:04:01.911000+00:00,-8.1649,106.7877,25.19,4.9314599999999995,mw,,77.0,1.103,0.98,us,us6000h5q7,2022/05/27 14:55:36.040+00,"128 km SSW of Banjar, Indonesia",earthquake,5.9,5.0,0.07,63.0,reviewed,us,us,3,2022,2022-03-18
2010-11-04 08:59:08.990000+00:00,-7.861,104.707,35.0,4.9314599999999995,mw,48.0,80.0,,1.18,us,usp000hp17,2014/11/07 01:42:51.884+00,"205 km SW of Labuan, Indonesia",earthquake,,,,10.0,reviewed,us,us,11,2010,2010-11-04
2010-11-20 18:42:15.910000+00:00,-6.988,106.16,44.4,4.9314599999999995,mw,100.0,30.7,,1.05,us,usp000hpwk,2022/07/19 00:24:57.179+00,"43 km W of Pelabuhanratu, Indonesia",earthquake,,5.8,,25.0,reviewed,us,us,11,2010,2010-11-20
2023-12-14 07:27:15.030000+00:00,-7.2237,105.9547,40.422,4.9314599999999995,mw,61.0,126.0,1.698,0.8,us,us7000liv9,2024/02/17 22:43:09.040+00,"70 km WSW of Pelabuhanratu, Indonesia",earthquake,8.4,8.246,0.075,69.0,reviewed,us,us,12,2023,2023-12-14
2011-06-15 02:34:17.960000+00:00,-7.651,106.97,37.2,4.9314599999999995,mw,57.0,32.7,,1.13,us,usp000j36f,2014/11/07 01:45:05.823+00,"71 km SW of Banjar, Indonesia",earthquake,,8.2,,13.0,reviewed,us,us,6,2011,2011-06-15
1988-12-19 18:59:46.010000+00:00,-8.702,106.003,36.5,4.9314599999999995,mw,,,,1.2,us,usp0003pzp,2014/11/07 00:43:17.936+00,"199 km SSW of Pelabuhanratu, Indonesia",earthquake,,15.7,,7.0,reviewed,us,us,12,1988,1988-12-19
2011-10-23 05:17:42.350000+00:00,-8.041,104.885,10.0,4.9314599999999995,mw,71.0,69.8,,0.98,us,usp000j9rd,2014/11/07 01:46:09.119+00,"211 km SSW of Labuan, Indonesia",earthquake,,,,18.0,reviewed,us,us,10,2011,2011-10-23
2012-02-29 13:28:14.870000+00:00,-7.285,106.564,45.4,4.9314599999999995,mw,112.0,103.7,,0.9,us,usp000jfkn,2014/11/07 01:47:05.968+00,"32 km S of Pelabuhanratu, Indonesia",earthquake,,4.5,,30.0,reviewed,us,us,2,2012,2012-02-29
2012-05-01 04:59:21.810000+00:00,-7.697,106.479,35.0,4.9314599999999995,mw,23.0,180.7,,0.96,us,usp000jjud,2014/11/07 01:47:41.020+00,"78 km S of Pelabuhanratu, Indonesia",earthquake,,,,3.0,reviewed,us,us,5,2012,2012-05-01
2015-09-02 09:56:07.740000+00:00,-7.6291,106.2438,25.33,4.9314599999999995,mw,,109.0,1.559,1.06,us,us20003fnk,2015/12/01 00:36:10.040+00,"78 km SSW of Pelabuhanratu, Indonesia",earthquake,5.9,5.4,0.088,40.0,reviewed,us,us,9,2015,2015-09-02
1989-01-31 21:38:06.730000+00:00,-7.02,105.94,53.2,4.9314599999999995,mw,,,,1.2,us,usp0003re5,2014/11/07 00:43:30.332+00,"67 km W of Pelabuhanratu, Indonesia",earthquake,,13.4,,3.0,reviewed,us,us,1,1989,1989-01-31
1994-09-03 13:28:08.820000+00:00,-8.685,105.952,33.0,4.9314599999999995,mw,,,,1.3,us,usp0006hx0,2014/11/07 00:56:13.219+00,"199 km SSW of Pelabuhanratu, Indonesia",earthquake,,,,6.0,reviewed,us,us,9,1994,1994-09-03
1999-10-25 13:58:02.510000+00:00,-8.593,106.104,33.0,4.9314599999999995,mw,,,,1.1,us,usp0009gk9,2014/11/07 01:08:46.226+00,"184 km SSW of Pelabuhanratu, Indonesia",earthquake,,,,2.0,reviewed,us,us,10,1999,1999-10-25
1984-07-20 18:55:15.340000+00:00,-8.435,106.167,33.0,4.9314599999999995,mw,,,,1.3,us,usp00025vk,2014/11/07 00:35:12.233+00,"165 km SSW of Pelabuhanratu, Indonesia",earthquake,,,,8.0,reviewed,us,us,7,1984,1984-07-20
2018-02-16 05:13:05.510000+00:00,-7.6264,105.8892,34.07,4.9314599999999995,mw,,58.0,1.888,1.02,us,us2000d31t,2018/05/15 06:29:09.040+00,"101 km SW of Pelabuhanratu, Indonesia",earthquake,5.0,5.2,0.079,50.0,reviewed,us,us,2,2018,2018-02-16
1996-08-27 01:41:46.220000+00:00,-7.292,107.075,33.0,4.9314599999999995,mw,,,,0.91,us,usp0007p3j,2014/11/07 01:01:01.760+00,"40 km WSW of Banjar, Indonesia",earthquake,,,,18.0,reviewed,us,us,8,1996,1996-08-27
2002-07-09 20:32:03.300000+00:00,-8.05,105.803,33.0,4.9314599999999995,mw,25.0,,,0.66,us,usp000b7u4,2014/11/07 01:16:02.207+00,"143 km SW of Pelabuhanratu, Indonesia",earthquake,,,,12.0,reviewed,us,us,7,2002,2002-07-09
1985-09-11 00:47:20.530000+00:00,-7.187,106.868,53.8,4.9314599999999995,mw,,,,1.3,us,usp0002jmq,2014/11/07 00:37:09.081+00,"30 km SSW of Sukabumi, Indonesia",earthquake,,,,9.0,reviewed,us,us,9,1985,1985-09-11
2024-08-24 03:32:00.974000+00:00,-6.574,105.1914,49.145,4.9314599999999995,mw,52.0,68.0,2.595,0.84,us,us7000n94y,2024/11/02 21:28:58.040+00,"73 km WSW of Labuan, Indonesia",earthquake,10.69,6.478,0.083,46.0,reviewed,us,us,8,2024,2024-08-24
2015-11-20 19:48:44.130000+00:00,-7.4127,105.2713,10.33,4.9314599999999995,mw,,76.0,2.397,0.89,us,us10003zx0,2016/02/18 04:48:46.040+00,"129 km SSW of Labuan, Indonesia",earthquake,6.7,4.5,0.083,45.0,reviewed,us,us,11,2015,2015-11-20
1992-09-26 17:59:10.150000+00:00,-7.656,106.313,33.0,4.9314599999999995,mw,,,,1.1,us,usp0005ej6,2014/11/07 00:51:30.928+00,"78 km SSW of Pelabuhanratu, Indonesia",earthquake,,,,7.0,reviewed,us,us,9,1992,1992-09-26
2003-07-15 01:22:37.160000+00:00,-6.612,105.203,33.0,4.9314599999999995,mw,43.0,105.0,,1.14,us,usp000c2h8,2014/11/07 01:19:12.582+00,"74 km WSW of Labuan, Indonesia",earthquake,,,,10.0,reviewed,us,us,7,2003,2003-07-15
2003-01-30 00:23:19.100000+00:00,-7.276,105.942,33.0,4.9314599999999995,mw,51.0,,,1.1,us,usp000bpk1,2014/11/07 01:17:39.669+00,"74 km WSW of Pelabuhanratu, Indonesia",earthquake,,,,15.0,reviewed,us,us,1,2003,2003-01-30
2010-02-20 04:57:34.230000+00:00,-7.278,105.934,50.4,4.9,mw,84.0,48.2,,0.93,us,usp000h7gd,2016/11/10 02:24:22.026+00,"75 km WSW of Pelabuhanratu, Indonesia",earthquake,,5.2,,,reviewed,us,gcmt,2,2010,2010-02-20
2004-01-13 20:04:24.070000+00:00,-8.571,105.866,25.9,4.9,mw,49.0,66.3,,1.1,us,usp000chu7,2016/11/10 00:23:19.713+00,"190 km SSW of Pelabuhanratu, Indonesia",earthquake,,23.7,,,reviewed,us,hrv,1,2004,2004-01-13
2004-10-05 21:14:34.410000+00:00,-7.438,106.202,50.5,4.9,mw,67.0,41.8,,1.08,us,usp000d5uq,2016/11/10 00:47:53.381+00,"63 km SW of Pelabuhanratu, Indonesia",earthquake,,7.5,,,reviewed,us,hrv,10,2004,2004-10-05
2012-01-22 09:20:21.230000+00:00,-7.584,104.395,39.0,4.8303899999999995,mw,45.0,103.2,,0.95,us,usp000jdua,2014/11/07 01:46:49.403+00,"207 km SW of Labuan, Indonesia",earthquake,,8.3,,12.0,reviewed,us,us,1,2012,2012-01-22
2021-12-22 01:50:44.418000+00:00,-8.3743,105.5173,10.0,4.8303899999999995,mw,,103.0,2.069,0.64,us,us6000gecy,2022/03/01 16:39:10.040+00,"191 km SW of Pelabuhanratu, Indonesia",earthquake,6.3,1.9,0.085,42.0,reviewed,us,us,12,2021,2021-12-22
1996-12-04 08:10:16.160000+00:00,-6.832,105.483,38.4,4.8303899999999995,mw,,,,1.17,us,usp0007tyc,2014/11/07 01:01:44.077+00,"63 km SW of Labuan, Indonesia",earthquake,,,,12.0,reviewed,us,us,12,1996,1996-12-04
1989-02-17 17:42:50.400000+00:00,-7.365,106.46,33.0,4.8303899999999995,mw,,,,1.0,us,usp0003s0d,2014/11/07 00:43:36.805+00,"42 km SSW of Pelabuhanratu, Indonesia",earthquake,,,,1.0,reviewed,us,us,2,1989,1989-02-17
2012-04-16 07:37:26.390000+00:00,-6.913,105.265,20.4,4.8303899999999995,mw,40.0,74.9,,1.36,us,usp000jj24,2014/11/07 01:47:32.701+00,"86 km SW of Labuan, Indonesia",earthquake,,,,9.0,reviewed,us,us,4,2012,2012-04-16
2011-10-29 21:59:55.810000+00:00,-6.513,105.281,39.0,4.8303899999999995,mw,52.0,64.1,,1.41,us,usp000ja3b,2014/11/07 01:46:12.413+00,"62 km WSW of Labuan, Indonesia",earthquake,,7.5,,23.0,reviewed,us,us,10,2011,2011-10-29
1986-05-19 20:03:02.130000+00:00,-7.921,106.794,33.0,4.8303899999999995,mw,,,,1.4,us,usp0002u6t,2014/11/07 00:38:24.953+00,"106 km SSE of Pelabuhanratu, Indonesia",earthquake,,,,4.0,reviewed,us,us,5,1986,1986-05-19
1995-09-05 02:32:38.420000+00:00,-7.33,106.768,33.0,4.8303899999999995,mw,,,,1.1,us,usp00072xg,2014/11/07 00:58:41.171+00,"44 km SSE of Pelabuhanratu, Indonesia",earthquake,,,,28.0,reviewed,us,us,9,1995,1995-09-05
2011-10-09 11:43:22.930000+00:00,-8.398,105.333,10.7,4.8303899999999995,mw,78.0,67.2,,1.04,us,usp000j94d,2014/11/07 01:46:05.495+00,"205 km SW of Pelabuhanratu, Indonesia",earthquake,,13.3,,19.0,reviewed,us,us,10,2011,2011-10-09
2012-09-18 16:35:03.170000+00:00,-7.327,105.847,42.2,4.8303899999999995,mw,48.0,113.8,,1.12,us,usp000jshz,2014/11/07 01:48:52.723+00,"86 km WSW of Pelabuhanratu, Indonesia",earthquake,,8.3,,12.0,reviewed,us,us,9,2012,2012-09-18
2010-12-21 05:40:16.240000+00:00,-8.326,105.261,35.0,4.8303899999999995,mw,42.0,160.4,,1.34,us,usp000hr8f,2014/11/07 01:43:10.359+00,"205 km SW of Pelabuhanratu, Indonesia",earthquake,,,,8.0,reviewed,us,us,12,2010,2010-12-21
2005-10-04 02:11:18.810000+00:00,-6.773,105.578,15.0,4.8303899999999995,mw,31.0,82.6,,0.79,us,usp000e0up,2014/11/07 01:27:16.759+00,"51 km SSW of Labuan, Indonesia",earthquake,,0.0,,8.0,reviewed,us,us,10,2005,2005-10-04
2003-01-20 20:19:21.450000+00:00,-7.216,106.466,33.0,4.8303899999999995,mw,33.0,,,1.1,us,usp000bnwj,2014/11/07 01:17:36.782+00,"Java, Indonesia",earthquake,,,,7.0,reviewed,us,us,1,2003,2003-01-20
2020-02-17 12:11:45.998000+00:00,-7.3064,105.9296,47.04,4.8303899999999995,mw,,83.0,1.713,1.3,us,us70007rtb,2020/05/02 22:10:08.040+00,"77 km WSW of Pelabuhanratu, Indonesia",earthquake,8.2,6.5,0.093,35.0,reviewed,us,us,2,2020,2020-02-17
2007-11-14 22:31:58.880000+00:00,-7.633,106.954,35.0,4.8303899999999995,mw,66.0,61.9,,1.08,us,usp000fsk8,2014/11/07 01:34:10.462+00,"71 km SW of Banjar, Indonesia",earthquake,,,,17.0,reviewed,us,us,11,2007,2007-11-14
2008-04-29 08:31:53.310000+00:00,-7.24,105.991,49.5,4.8303899999999995,mw,39.0,174.4,,0.81,us,usp000g53h,2014/11/07 01:35:45.048+00,"67 km WSW of Pelabuhanratu, Indonesia",earthquake,,,,14.0,reviewed,us,us,4,2008,2008-04-29
1993-08-26 00:49:33.160000+00:00,-7.481,105.736,33.0,4.8303899999999995,mw,,,,1.4,us,usp0005z74,2014/11/07 00:53:48.510+00,"105 km WSW of Pelabuhanratu, Indonesia",earthquake,,,,7.0,reviewed,us,us,8,1993,1993-08-26
2020-12-17 01:45:54.377000+00:00,-8.7466,106.1764,10.0,4.8303899999999995,mw,,114.0,1.938,0.65,us,us6000d1us,2021/02/27 23:23:30.040+00,"198 km SSW of Pelabuhanratu, Indonesia",earthquake,8.2,1.9,0.123,20.0,reviewed,us,us,12,2020,2020-12-17
2009-10-24 03:09:46.710000+00:00,-7.055,106.498,15.4,4.8303899999999995,mw,55.0,52.5,,0.98,us,usp000h3bd,2022/07/15 19:42:41.756+00,"9 km SW of Pelabuhanratu, Indonesia",earthquake,,19.5,,15.0,reviewed,us,us,10,2009,2009-10-24
2019-02-28 00:54:28.590000+00:00,-7.3773,105.2049,40.89,4.8303899999999995,mw,,70.0,2.453,0.96,us,us1000j8ep,2019/05/14 18:36:11.040+00,"130 km SSW of Labuan, Indonesia",earthquake,7.3,7.1,0.083,44.0,reviewed,us,us,2,2019,2019-02-28
1999-05-07 14:28:23.230000+00:00,-7.112,106.106,33.0,4.8303899999999995,mw,,,,0.91,us,usp00097h2,2014/11/07 01:07:38.513+00,"51 km WSW of Pelabuhanratu, Indonesia",earthquake,,,,3.0,reviewed,us,us,5,1999,1999-05-07
2007-05-29 04:21:39.850000+00:00,-8.639,106.382,30.0,4.8303899999999995,mw,34.0,39.0,,0.73,us,usp000fcys,2014/11/07 01:32:33.216+00,"183 km S of Pelabuhanratu, Indonesia",earthquake,,,,7.0,reviewed,us,us,5,2007,2007-05-29
1995-03-04 06:12:50.700000+00:00,-7.457,106.65,50.0,4.8303899999999995,mw,,,,1.5,us,usp0006tsk,2014/11/07 00:57:27.972+00,"53 km SSE of Pelabuhanratu, Indonesia",earthquake,,,,6.0,reviewed,us,us,3,1995,1995-03-04
2018-02-16 13:28:09.130000+00:00,-7.7572,106.428,35.0,4.8303899999999995,mw,,61.0,2.812,1.36,us,us2000d37h,2018/05/15 06:29:10.040+00,"86 km S of Pelabuhanratu, Indonesia",earthquake,7.1,2.0,0.081,46.0,reviewed,us,us,2,2018,2018-02-16
2014-06-10 13:10:38.710000+00:00,-8.003,104.8736,10.0,4.8303899999999995,mw,,150.0,2.579,0.8,us,usc000rd9h,2014/08/30 17:03:01+00,"208 km SSW of Labuan, Indonesia",earthquake,,1.7,0.118,22.0,reviewed,us,us,6,2014,2014-06-10
2017-01-03 03:19:19.570000+00:00,-8.2134,106.7646,47.66,4.8303899999999995,mw,,125.0,1.617,0.95,us,us10007pdu,2017/03/27 23:53:19.040+00,"134 km SSW of Banjar, Indonesia",earthquake,8.4,7.1,0.123,20.0,reviewed,us,us,1,2017,2017-01-03
2014-05-14 16:52:10.170000+00:00,-7.2549,105.8254,54.72,4.8303899999999995,mw,,70.0,1.826,1.07,us,usc000rad7,2014/08/09 02:53:42+00,"85 km WSW of Pelabuhanratu, Indonesia",earthquake,,8.0,0.147,16.0,reviewed,us,us,5,2014,2014-05-14
2014-04-19 14:22:37.140000+00:00,-6.8987,104.8671,58.07,4.8303899999999995,mw,,156.0,2.728,1.38,us,usb000ql1y,2014/07/04 01:34:04+00,"121 km WSW of Labuan, Indonesia",earthquake,,9.3,0.276,4.0,reviewed,us,us,4,2014,2014-04-19
2015-01-09 19:01:16.210000+00:00,-7.5146,106.6987,49.87,4.8303899999999995,mw,,115.0,1.107,1.16,us,usc000thsh,2015/04/10 18:56:35.040+00,"60 km SSE of Pelabuhanratu, Indonesia",earthquake,7.5,8.6,0.184,10.0,reviewed,us,us,1,2015,2015-01-09
1987-07-25 14:28:58.080000+00:00,-8.063,104.641,33.0,4.8303899999999995,mw,,,,1.2,us,usp00036y2,2014/11/07 00:40:42.054+00,"227 km SW of Labuan, Indonesia",earthquake,,,,4.0,reviewed,us,us,7,1987,1987-07-25
2015-02-21 10:37:00.800000+00:00,-8.1852,106.7699,36.67,4.8303899999999995,mw,,94.0,1.209,0.78,us,usc000ts4a,2015/05/12 20:29:37.040+00,"131 km SSW of Banjar, Indonesia",earthquake,6.2,6.8,0.096,35.0,reviewed,us,us,2,2015,2015-02-21
2013-06-24 07:49:00.580000+00:00,-6.8,104.735,35.0,4.8303899999999995,mw,34.0,146.0,,1.08,us,usp000k1em,2014/11/07 01:51:07.089+00,"129 km WSW of Labuan, Indonesia",earthquake,,,,14.0,reviewed,us,us,6,2013,2013-06-24
2013-03-14 09:48:45.660000+00:00,-8.078,106.751,16.9,4.8303899999999995,mw,118.0,46.2,,0.96,us,usb000fksk,2014/11/07 01:50:20.366+00,"123 km S of Pelabuhanratu, Indonesia",earthquake,,11.3,,33.0,reviewed,us,us,3,2013,2013-03-14
2020-06-12 10:51:01.809000+00:00,-8.2197,105.2385,10.0,4.7293199999999995,mw,,69.0,2.504,0.46,us,us6000aakb,2020/08/22 19:14:47.040+00,"198 km SW of Pelabuhanratu, Indonesia",earthquake,7.8,1.4,0.094,34.0,reviewed,us,us,6,2020,2020-06-12
2005-03-06 10:24:25.640000+00:00,-7.708,104.356,31.4,4.7293199999999995,mw,19.0,208.6,,0.95,us,usp000dhnm,2014/11/07 01:25:11.873+00,"219 km SW of Labuan, Indonesia",earthquake,,,,8.0,reviewed,us,us,3,2005,2005-03-06
2001-08-20 14:31:53.780000+00:00,-6.737,104.965,33.0,4.7293199999999995,mw,13.0,,,0.7,us,usp000amrg,2014/11/07 01:13:34.821+00,"103 km WSW of Labuan, Indonesia",earthquake,,,,1.0,reviewed,us,us,8,2001,2001-08-20
2008-04-12 17:54:08.020000+00:00,-6.714,105.57,10.0,4.7293199999999995,mw,41.0,190.3,,0.78,us,usp000g3sh,2014/11/07 01:35:36.414+00,"46 km SW of Labuan, Indonesia",earthquake,,,,21.0,reviewed,us,us,4,2008,2008-04-12
2014-10-22 04:14:42.610000+00:00,-6.9463,105.3084,42.67,4.7293199999999995,mw,,70.0,2.559,0.71,us,usb000spnw,2022/07/27 05:34:01.249+00,"85 km SW of Labuan, Indonesia",earthquake,6.1,6.5,0.089,41.0,reviewed,us,us,10,2014,2014-10-22
2000-11-17 15:06:55.270000+00:00,-7.956,106.859,33.0,4.7293199999999995,mw,33.0,,,1.16,us,usp000a447,2014/11/07 01:11:30.286+00,"105 km SW of Banjar, Indonesia",earthquake,,,,7.0,reviewed,us,us,11,2000,2000-11-17
1982-02-10 19:19:48.290000+00:00,-7.265,106.726,33.0,4.7293199999999995,mw,,,,1.0,us,usp0001jjr,2014/11/07 00:30:50.444+00,"36 km SSE of Pelabuhanratu, Indonesia",earthquake,,,,3.0,reviewed,us,us,2,1982,1982-02-10
2022-11-22 14:53:59.753000+00:00,-7.9919,106.6302,30.421,4.7293199999999995,mw,19.0,117.0,1.517,0.57,us,us7000isdp,2023/01/30 06:00:58.040+00,"111 km S of Pelabuhanratu, Indonesia",earthquake,6.93,6.389,0.181,9.0,reviewed,us,us,11,2022,2022-11-22
1986-07-16 02:19:49.660000+00:00,-8.002,105.988,33.0,4.7293199999999995,mw,,,,1.5,us,usp0002w29,2014/11/07 00:38:42.017+00,"128 km SSW of Pelabuhanratu, Indonesia",earthquake,,,,2.0,reviewed,us,us,7,1986,1986-07-16
2008-04-09 10:38:48.790000+00:00,-7.689,104.746,45.6,4.7293199999999995,mw,25.0,168.1,,1.29,us,usp000g3e8,2014/11/07 01:35:34.097+00,"188 km SW of Labuan, Indonesia",earthquake,,,,10.0,reviewed,us,us,4,2008,2008-04-09
2006-10-08 07:41:09.200000+00:00,-6.953,106.104,10.0,4.7293199999999995,mw,21.0,96.3,,0.56,us,usp000eupp,2014/11/07 01:30:31.151+00,"49 km W of Pelabuhanratu, Indonesia",earthquake,,,,4.0,reviewed,us,us,10,2006,2006-10-08
1983-04-01 00:21:50.600000+00:00,-8.737,106.354,33.0,4.7293199999999995,mw,,,,1.0,us,usp0001u3g,2014/11/07 00:32:52.824+00,"194 km S of Pelabuhanratu, Indonesia",earthquake,,,,4.0,reviewed,us,us,4,1983,1983-04-01
2007-03-06 12:41:56.090000+00:00,-7.993,106.659,10.0,4.7293199999999995,mw,22.0,180.8,,0.7,us,usp000f66v,2014/11/07 01:31:49.404+00,"111 km S of Pelabuhanratu, Indonesia",earthquake,,,,8.0,reviewed,us,us,3,2007,2007-03-06
2007-05-09 00:17:08.730000+00:00,-7.964,104.935,30.0,4.7293199999999995,mw,42.0,74.4,,1.12,us,usp000fbjj,2014/11/07 01:32:25.907+00,"201 km SSW of Labuan, Indonesia",earthquake,,,,15.0,reviewed,us,us,5,2007,2007-05-09
1987-01-27 21:25:00.460000+00:00,-7.268,106.67,33.0,4.7293199999999995,mw,,,,0.6,us,usp00031za,2014/11/07 00:39:41.009+00,"33 km SSE of Pelabuhanratu, Indonesia",earthquake,,,,3.0,reviewed,us,us,1,1987,1987-01-27
2006-08-16 09:15:28.490000+00:00,-7.853,106.819,10.0,4.7293199999999995,mw,51.0,74.9,,0.89,us,usp000er1v,2014/11/07 01:29:58.566+00,"99 km SW of Banjar, Indonesia",earthquake,,,,13.0,reviewed,us,us,8,2006,2006-08-16
2020-06-11 20:22:25.402000+00:00,-8.2219,105.3274,10.0,4.7293199999999995,mw,,190.0,2.421,0.64,us,us6000ae5u,2020/08/22 19:14:59.040+00,"192 km SW of Pelabuhanratu, Indonesia",earthquake,10.4,1.9,0.157,12.0,reviewed,us,us,6,2020,2020-06-11
1980-08-17 00:31:19.900000+00:00,-8.838,106.113,33.0,4.7293199999999995,mw,,,,,us,usp00019e6,2014/11/06 23:24:25.299+00,"south of Java, Indonesia",earthquake,,,,,reviewed,us,us,8,1980,1980-08-17
2002-07-11 22:44:43.360000+00:00,-7.713,104.394,10.0,4.7293199999999995,mw,21.0,,,1.02,us,usp000b7y7,2014/11/07 01:16:02.720+00,"216 km SW of Labuan, Indonesia",earthquake,,,,9.0,reviewed,us,us,7,2002,2002-07-11
2008-02-24 12:16:43.670000+00:00,-8.172,105.573,35.0,4.7293199999999995,mw,24.0,152.0,,0.62,us,usp000fzup,2014/11/07 01:35:03.047+00,"169 km SW of Pelabuhanratu, Indonesia",earthquake,,,,12.0,reviewed,us,us,2,2008,2008-02-24
2009-05-04 03:40:47.020000+00:00,-8.705,106.134,35.0,4.7293199999999995,mw,20.0,104.2,,1.11,us,usp000gwtp,2014/11/07 01:38:54.823+00,"195 km SSW of Pelabuhanratu, Indonesia",earthquake,,,,2.0,reviewed,us,us,5,2009,2009-05-04
1983-11-24 03:14:29.670000+00:00,-7.822,104.446,33.0,4.7293199999999995,mw,,,,0.6,us,usp000200p,2014/11/07 00:34:09.252+00,"221 km SW of Labuan, Indonesia",earthquake,,,,4.0,reviewed,us,us,11,1983,1983-11-24
2011-10-18 20:07:53.520000+00:00,-7.577,105.801,25.0,4.7293199999999995,mw,17.0,135.4,,1.03,us,usp000j9h6,2014/11/07 01:46:07.802+00,"105 km SW of Pelabuhanratu, Indonesia",earthquake,,22.4,,5.0,reviewed,us,us,10,2011,2011-10-18
1999-03-24 16:53:27.930000+00:00,-8.559,106.255,33.0,4.7293199999999995,mw,,,,0.91,us,usp000953h,2014/11/07 01:07:16.062+00,"176 km S of Pelabuhanratu, Indonesia",earthquake,,,,10.0,reviewed,us,us,3,1999,1999-03-24
1998-09-26 05:13:07.940000+00:00,-8.858,106.427,33.0,4.7293199999999995,mw,,,,0.98,us,usp0008vhp,2014/11/07 01:06:06.249+00,"207 km S of Pelabuhanratu, Indonesia",earthquake,,,,10.0,reviewed,us,us,9,1998,1998-09-26
2011-03-22 00:37:16.700000+00:00,-7.737,105.789,29.6,4.7293199999999995,mw,62.0,52.1,,1.05,us,usp000hy7b,2014/11/07 01:44:17.052+00,"118 km SW of Pelabuhanratu, Indonesia",earthquake,,5.6,,23.0,reviewed,us,us,3,2011,2011-03-22
1997-08-30 04:15:55.510000+00:00,-7.403,106.702,33.0,4.7293199999999995,mw,,,,1.17,us,usp00086vw,2014/11/07 01:03:21.463+00,"48 km SSE of Pelabuhanratu, Indonesia",earthquake,,,,10.0,reviewed,us,us,8,1997,1997-08-30
1997-02-10 05:00:21.270000+00:00,-7.178,106.79,33.0,4.7293199999999995,mw,,,,0.77,us,usp0007x0x,2014/11/07 01:02:07.909+00,"32 km SSW of Sukabumi, Indonesia",earthquake,,,,9.0,reviewed,us,us,2,1997,1997-02-10
2012-04-15 18:22:09.740000+00:00,-6.887,105.274,56.6,4.7293199999999995,mw,56.0,69.0,,1.19,us,usp000jj17,2014/11/07 01:47:32.519+00,"83 km SW of Labuan, Indonesia",earthquake,,7.4,,11.0,reviewed,us,us,4,2012,2012-04-15
2013-06-11 20:13:39.430000+00:00,-8.845,106.139,6.3,4.7293199999999995,mw,59.0,115.0,,1.24,us,usc000hm2p,2014/11/07 01:51:03.809+00,"south of Java, Indonesia",earthquake,,1.9,,48.0,reviewed,us,us,6,2013,2013-06-11
2012-04-23 19:57:11.070000+00:00,-8.745,106.01,10.0,4.7293199999999995,mw,23.0,120.6,,1.32,us,usp000jjfu,2014/11/07 01:47:36.409+00,"203 km SSW of Pelabuhanratu, Indonesia",earthquake,,,,6.0,reviewed,us,us,4,2012,2012-04-23
1975-12-06 03:39:17.900000+00:00,-8.824,106.293,33.0,4.7293199999999995,mw,,,,,us,usp0000dub,2014/11/06 23:21:32.879+00,"205 km S of Pelabuhanratu, Indonesia",earthquake,,,,,reviewed,us,us,12,1975,1975-12-06
1998-04-01 18:15:43.240000+00:00,-6.918,104.617,33.0,4.7293199999999995,mw,,,,1.4,us,usp0008jd9,2014/11/07 01:04:54.917+00,"146 km WSW of Labuan, Indonesia",earthquake,,,,5.0,reviewed,us,us,4,1998,1998-04-01
2019-05-10 18:10:11.128000+00:00,-7.0346,104.3782,10.0,4.7293199999999995,mw,,161.0,3.01,1.19,us,us70003ml9,2019/08/01 17:15:22.040+00,"176 km WSW of Labuan, Indonesia",earthquake,7.9,1.9,0.128,19.0,reviewed,us,us,5,2019,2019-05-10
1984-06-26 08:58:02.210000+00:00,-7.566,104.641,33.0,4.7293199999999995,mw,,,,1.0,us,usp000259r,2014/11/07 00:35:04.843+00,"185 km SW of Labuan, Indonesia",earthquake,,,,4.0,reviewed,us,us,6,1984,1984-06-26
2014-05-25 02:42:37.830000+00:00,-8.0158,106.5414,39.79,4.7293199999999995,mw,,85.0,1.342,0.74,us,usb000r37j,2014/08/23 08:36:46+00,"113 km S of Pelabuhanratu, Indonesia",earthquake,,5.4,0.111,35.0,reviewed,us,us,5,2014,2014-05-25
1999-06-19 00:56:17.690000+00:00,-7.284,107.083,33.0,4.7293199999999995,mw,,,,1.24,us,usp0009a4q,2014/11/07 01:07:54.963+00,"39 km WSW of Banjar, Indonesia",earthquake,,,,2.0,reviewed,us,us,6,1999,1999-06-19
2010-01-10 07:48:55.320000+00:00,-7.193,105.149,38.8,4.7293199999999995,mw,35.0,140.7,,1.09,us,usp000h5xa,2014/11/07 01:40:26.282+00,"117 km SW of Labuan, Indonesia",earthquake,,8.4,,3.0,reviewed,us,us,1,2010,2010-01-10
2021-04-08 01:49:05.737000+00:00,-6.428,104.6994,44.75,4.7293199999999995,mw,,79.0,2.689,0.59,us,us6000e1tf,2021/06/12 21:38:30.040+00,"125 km W of Labuan, Indonesia",earthquake,4.9,7.6,0.11,25.0,reviewed,us,us,4,2021,2021-04-08
2015-10-31 18:46:16.370000+00:00,-7.4469,106.841,46.5,4.6282499999999995,mw,,107.0,0.972,1.27,us,us200041mj,2016/01/30 02:10:59.040+00,"59 km S of Sukabumi, Indonesia",earthquake,5.5,5.5,0.131,17.0,reviewed,us,us,10,2015,2015-10-31
2015-07-09 19:41:49.970000+00:00,-8.0402,105.8747,27.55,4.6282499999999995,mw,,114.0,1.982,0.91,us,us200031ad,2015/10/09 20:19:10.040+00,"138 km SSW of Pelabuhanratu, Indonesia",earthquake,9.0,6.0,0.128,18.0,reviewed,us,us,7,2015,2015-07-09
2017-12-24 15:42:09.040000+00:00,-7.7717,106.3932,35.0,4.6282499999999995,mw,,68.0,1.534,1.23,us,us1000c2k5,2018/03/17 01:54:33.040+00,"88 km SSW of Pelabuhanratu, Indonesia",earthquake,5.3,2.0,0.115,25.0,reviewed,us,us,12,2017,2017-12-24
2003-12-25 01:18:26.720000+00:00,-8.003,104.822,30.3,4.6282499999999995,mw,16.0,107.6,,0.76,us,usp000cfz7,2014/11/07 01:20:48.963+00,"211 km SSW of Labuan, Indonesia",earthquake,,,,9.0,reviewed,us,us,12,2003,2003-12-25
2020-09-08 02:06:15.862000+00:00,-7.4979,106.6258,53.14,4.6282499999999995,mw,,61.0,1.016,0.63,us,us7000bjid,2020/11/17 19:44:54.040+00,"57 km S of Pelabuhanratu, Indonesia",earthquake,8.4,6.5,0.108,27.0,reviewed,us,us,9,2020,2020-09-08
2016-10-23 05:45:43.080000+00:00,-7.5166,107.0088,37.84,4.6282499999999995,mw,,114.0,0.914,0.79,us,us20007g6l,2017/01/20 00:31:02.040+00,"58 km SW of Banjar, Indonesia",earthquake,5.9,7.5,0.085,41.0,reviewed,us,us,10,2016,2016-10-23
2005-01-06 06:21:48.340000+00:00,-6.982,105.084,30.0,4.6282499999999995,mw,14.0,101.6,,1.29,us,usp000dcn6,2014/11/07 01:24:34.940+00,"106 km SW of Labuan, Indonesia",earthquake,,,,5.0,reviewed,us,us,1,2005,2005-01-06
2020-09-11 10:18:06.378000+00:00,-7.8207,104.301,10.0,4.6282499999999995,mw,,80.0,3.338,0.67,us,us7000bnyx,2020/11/21 20:10:45.040+00,"232 km SW of Labuan, Indonesia",earthquake,7.5,1.8,0.104,29.0,reviewed,us,us,9,2020,2020-09-11
2017-07-24 13:09:22.100000+00:00,-7.13,104.6723,10.0,4.6282499999999995,mw,,164.0,2.936,0.45,us,us2000a25q,2017/10/14 00:19:37.040+00,"152 km WSW of Labuan, Indonesia",earthquake,8.0,2.0,0.314,3.0,reviewed,us,us,7,2017,2017-07-24
2022-09-30 12:57:31.622000+00:00,-6.6378,104.6916,42.829,4.6282499999999995,mw,28.0,80.0,2.847,0.48,us,us6000irhy,2022/12/03 22:03:15.040+00,"129 km WSW of Labuan, Indonesia",earthquake,9.13,7.994,0.124,19.0,reviewed,us,us,9,2022,2022-09-30
1997-01-26 18:36:34.210000+00:00,-7.48,106.542,50.0,4.6282499999999995,mw,,,,1.2,us,usp0007wd8,2014/11/07 01:02:00.389+00,"54 km S of Pelabuhanratu, Indonesia",earthquake,,,,6.0,reviewed,us,us,1,1997,1997-01-26
2017-06-28 10:41:35.020000+00:00,-6.5338,105.1342,36.76,4.6282499999999995,mw,,142.0,3.06,0.45,us,us100096w2,2017/09/27 02:03:16.040+00,"78 km WSW of Labuan, Indonesia",earthquake,4.7,11.3,0.15,13.0,reviewed,us,us,6,2017,2017-06-28
2021-10-20 18:53:17.448000+00:00,-7.9008,106.4551,35.0,4.6282499999999995,mw,,133.0,1.261,1.01,us,us6000fxfe,2021/12/25 22:59:01.040+00,"101 km S of Pelabuhanratu, Indonesia",earthquake,8.3,2.0,0.205,8.0,reviewed,us,us,10,2021,2021-10-20
2003-08-11 11:50:43.620000+00:00,-8.321,105.902,33.0,4.6282499999999995,mw,9.0,160.0,,0.68,us,usp000c4mv,2014/11/07 01:19:30.038+00,"163 km SSW of Pelabuhanratu, Indonesia",earthquake,,,,2.0,reviewed,us,us,8,2003,2003-08-11
2002-01-15 21:04:33.760000+00:00,-6.66,104.988,10.0,4.6282499999999995,mw,8.0,,,1.43,us,usp000awjf,2014/11/07 01:14:42.084+00,"98 km WSW of Labuan, Indonesia",earthquake,,,,1.0,reviewed,us,us,1,2002,2002-01-15
2002-07-02 01:03:58.580000+00:00,-7.197,106.043,33.0,4.6282499999999995,mw,13.0,,,0.83,us,usp000b7ay,2014/11/07 01:15:58.306+00,"60 km WSW of Pelabuhanratu, Indonesia",earthquake,,,,1.0,reviewed,us,us,7,2002,2002-07-02
1998-02-20 11:45:35.540000+00:00,-8.004,106.871,42.8,4.6282499999999995,mw,,,,1.38,us,usp0008gag,2014/11/07 01:04:34.348+00,"108 km SW of Banjar, Indonesia",earthquake,,,,17.0,reviewed,us,us,2,1998,1998-02-20
2022-06-04 23:10:29.672000+00:00,-7.9048,104.4863,10.0,4.6282499999999995,mw,37.0,64.0,2.793,0.74,us,us7000hg7h,2022/08/13 21:52:07.040+00,"224 km SW of Labuan, Indonesia",earthquake,6.8,1.5,0.111,24.0,reviewed,us,us,6,2022,2022-06-04
2003-01-25 09:22:17.110000+00:00,-6.805,104.942,33.0,4.6282499999999995,mw,17.0,,,1.18,us,usp000bp55,2014/11/07 01:17:38.088+00,"108 km WSW of Labuan, Indonesia",earthquake,,,,4.0,reviewed,us,us,1,2003,2003-01-25
2022-04-25 17:01:04.793000+00:00,-7.3268,106.5702,59.24,4.6282499999999995,mw,65.0,108.0,1.079,1.25,us,us6000hg9g,2022/07/05 03:40:41.040+00,"37 km S of Pelabuhanratu, Indonesia",earthquake,6.1,5.8,0.084,44.0,reviewed,us,us,4,2022,2022-04-25
2001-02-04 21:04:17.410000+00:00,-7.713,104.269,29.4,4.6282499999999995,mw,15.0,,,0.96,us,usp000a92v,2014/11/07 01:12:05.556+00,"226 km SW of Labuan, Indonesia",earthquake,,,,4.0,reviewed,us,us,2,2001,2001-02-04
2006-04-09 22:50:02.660000+00:00,-7.438,106.065,29.9,4.6282499999999995,mw,45.0,63.4,,0.91,us,usp000ee22,2014/11/07 01:28:44.973+00,"73 km SW of Pelabuhanratu, Indonesia",earthquake,,,,12.0,reviewed,us,us,4,2006,2006-04-09
2005-08-29 09:49:05.670000+00:00,-8.201,106.026,30.0,4.6282499999999995,mw,21.0,102.2,,0.61,us,usp000dy92,2014/11/07 01:26:54.172+00,"146 km SSW of Pelabuhanratu, Indonesia",earthquake,,,,9.0,reviewed,us,us,8,2005,2005-08-29
2014-02-26 19:41:03.590000+00:00,-7.5534,106.081,52.83,4.6282499999999995,mw,,188.0,1.685,0.81,us,usc000n4z8,2014/05/13 21:36:42+00,"81 km SW of Pelabuhanratu, Indonesia",earthquake,,8.9,0.171,10.0,reviewed,us,us,2,2014,2014-02-26
2007-02-08 16:03:25.880000+00:00,-6.527,105.188,10.0,4.6282499999999995,mw,22.0,77.0,,1.55,us,usp000f4gr,2014/11/07 01:31:35.711+00,"72 km WSW of Labuan, Indonesia",earthquake,,,,10.0,reviewed,us,us,2,2007,2007-02-08
2010-05-19 07:47:43.380000+00:00,-7.117,105.151,35.0,4.6282499999999995,mw,15.0,201.0,,1.21,us,usp000hcxs,2014/11/07 01:41:30.419+00,"110 km SW of Labuan, Indonesia",earthquake,,,,3.0,reviewed,us,us,5,2010,2010-05-19
2018-10-07 19:17:00.790000+00:00,-7.9314,106.8438,38.26,4.6282499999999995,mw,,95.0,2.793,0.96,us,us1000h8h4,2018/12/14 20:32:44.040+00,"104 km SW of Banjar, Indonesia",earthquake,8.6,8.0,0.102,28.0,reviewed,us,us,10,2018,2018-10-07
1992-01-25 19:29:47.700000+00:00,-6.879,104.829,33.0,4.6282499999999995,mw,,,,0.6,us,usp0005289,2014/11/07 00:49:56.729+00,"123 km WSW of Labuan, Indonesia",earthquake,,,,3.0,reviewed,us,us,1,1992,1992-01-25
2014-02-21 07:41:11.490000+00:00,-8.8453,106.1308,32.08,4.6282499999999995,mw,,75.0,2.102,1.31,us,usb000n1g9,2014/05/07 00:03:05+00,"210 km SSW of Pelabuhanratu, Indonesia",earthquake,,5.2,0.163,11.0,reviewed,us,us,2,2014,2014-02-21
2023-02-02 12:45:53.798000+00:00,-7.2013,106.0182,57.032,4.6282499999999995,mw,31.0,180.0,1.628,0.79,us,us6000jms3,2023/04/13 21:53:29.040+00,"63 km WSW of Pelabuhanratu, Indonesia",earthquake,10.71,8.289,0.145,14.0,reviewed,us,us,2,2023,2023-02-02
2022-01-17 00:35:22.130000+00:00,-6.9094,106.0807,32.54,4.6282499999999995,mw,,140.0,1.651,0.55,us,us7000gf0i,2022/04/01 17:40:31.040+00,"52 km W of Pelabuhanratu, Indonesia",earthquake,10.5,6.7,0.131,17.0,reviewed,us,us,1,2022,2022-01-17
2008-10-26 08:54:18.970000+00:00,-7.784,104.563,30.9,4.6282499999999995,mw,26.0,105.6,,1.04,us,usp000gm2a,2014/11/07 01:37:32.582+00,"209 km SW of Labuan, Indonesia",earthquake,,,,5.0,reviewed,us,us,10,2008,2008-10-26
2008-11-15 13:00:48.030000+00:00,-7.193,106.641,59.9,4.6282499999999995,mw,40.0,69.8,,0.81,us,usp000gnrm,2014/11/07 01:37:44.412+00,"24 km SSE of Pelabuhanratu, Indonesia",earthquake,,8.8,,11.0,reviewed,us,us,11,2008,2008-11-15
2009-01-20 02:24:55.100000+00:00,-7.849,106.086,35.0,4.6282499999999995,mw,26.0,96.9,,0.72,us,usp000gsva,2014/11/07 01:38:13.804+00,"108 km SSW of Pelabuhanratu, Indonesia",earthquake,,,,9.0,reviewed,us,us,1,2009,2009-01-20
2019-09-27 18:04:58.450000+00:00,-7.3428,105.8531,57.52,4.6282499999999995,mw,,179.0,1.822,0.78,us,us70005s2i,2019/12/20 19:04:28.040+00,"86 km WSW of Pelabuhanratu, Indonesia",earthquake,8.7,5.2,0.113,27.0,reviewed,us,us,9,2019,2019-09-27
2014-05-21 00:40:25.900000+00:00,-7.7906,104.645,49.56,4.6282499999999995,mw,,68.0,3.15,0.58,us,usb000qxp9,2014/08/23 08:36:40+00,"203 km SW of Labuan, Indonesia",earthquake,,5.0,0.124,27.0,reviewed,us,us,5,2014,2014-05-21
2019-08-07 20:27:28.348000+00:00,-7.7664,104.3107,10.0,4.6282499999999995,mw,,178.0,3.408,0.72,us,us600055gi,2019/10/29 20:33:41.040+00,"227 km SW of Labuan, Indonesia",earthquake,10.7,2.0,0.107,26.0,reviewed,us,us,8,2019,2019-08-07
2022-03-16 04:06:42.148000+00:00,-7.8224,106.8659,35.0,4.6282499999999995,mw,,107.0,0.855,0.81,us,us6000h6fx,2022/05/27 14:55:40.040+00,"93 km SW of Banjar, Indonesia",earthquake,5.3,1.8,0.205,7.0,reviewed,us,us,3,2022,2022-03-16
2024-02-07 18:31:00.732000+00:00,-7.4996,106.7717,47.359,4.6282499999999995,mw,54.0,105.0,0.872,0.95,us,us7000lxl2,2024/04/20 19:33:53.040+00,"61 km SSE of Pelabuhanratu, Indonesia",earthquake,7.73,5.693,0.093,34.0,reviewed,us,us,2,2024,2024-02-07
2013-04-20 21:42:46.290000+00:00,-6.71,104.722,5.7,4.6282499999999995,mw,35.0,145.9,,1.15,us,us2013pfge,2014/11/07 01:50:36.897+00,"127 km WSW of Labuan, Indonesia",earthquake,,22.1,,7.0,reviewed,us,us,4,2013,2013-04-20
2018-08-21 02:54:01.550000+00:00,-7.6689,105.8974,47.57,4.6282499999999995,mw,,121.0,2.804,0.95,us,us2000h5fh,2018/11/01 17:51:02.040+00,"104 km SW of Pelabuhanratu, Indonesia",earthquake,9.3,8.6,0.15,13.0,reviewed,us,us,8,2018,2018-08-21
2022-12-10 08:05:58.494000+00:00,-7.7262,104.3472,10.0,4.6282499999999995,mw,42.0,92.0,3.285,0.55,us,us6000j8dj,2023/02/18 22:04:00.040+00,"221 km SW of Labuan, Indonesia",earthquake,7.04,1.892,0.106,26.0,reviewed,us,us,12,2022,2022-12-10
2013-11-24 09:44:51.680000+00:00,-7.6025,105.6137,9.44,4.6282499999999995,mw,,132.0,2.13,1.14,us,usb000l7z3,2014/02/11 02:18:57+00,"123 km WSW of Pelabuhanratu, Indonesia",earthquake,,3.7,0.14,,reviewed,us,us,11,2013,2013-11-24
2015-03-06 18:13:45.590000+00:00,-7.133,105.2771,49.11,4.6282499999999995,mw,,126.0,2.552,1.22,us,usc000tvms,2015/05/28 00:48:35.040+00,"103 km SW of Labuan, Indonesia",earthquake,7.4,7.3,0.102,28.0,reviewed,us,us,3,2015,2015-03-06
2020-06-16 04:32:49.595000+00:00,-7.0855,105.7059,35.0,4.6282499999999995,mw,,136.0,1.964,0.85,us,us6000ah6r,2020/08/22 19:15:04.040+00,"79 km S of Labuan, Indonesia",earthquake,12.5,1.9,0.132,17.0,reviewed,us,us,6,2020,2020-06-16
2006-07-17 23:01:17.310000+00:00,-8.548,106.454,10.0,4.6282499999999995,mw,17.0,181.6,,1.07,us,usp000enx4,2014/11/07 01:29:42.302+00,"south of Java, Indonesia",earthquake,,,,7.0,reviewed,us,us,7,2006,2006-07-17
2023-07-05 13:33:25.810000+00:00,-7.872,105.8935,23.495,4.6282499999999995,mw,32.0,112.0,1.788,0.95,us,us7000kfee,2023/09/09 21:55:14.040+00,"121 km SW of Pelabuhanratu, Indonesia",earthquake,5.16,5.554,0.128,18.0,reviewed,us,us,7,2023,2023-07-05
2018-10-10 13:54:07.370000+00:00,-7.2098,105.1131,46.56,4.5271799999999995,mw,,143.0,3.293,1.03,us,us1000h9z4,2018/12/21 21:15:48.040+00,"121 km SW of Labuan, Indonesia",earthquake,5.1,8.3,0.108,25.0,reviewed,us,us,10,2018,2018-10-10
2014-02-23 09:17:18.840000+00:00,-7.0711,104.3442,29.54,4.5271799999999995,mw,,102.0,3.026,0.8,us,usc000n474,2014/05/07 00:03:08+00,"181 km WSW of Labuan, Indonesia",earthquake,,5.6,0.189,8.0,reviewed,us,us,2,2014,2014-02-23
2013-04-14 00:07:57.310000+00:00,-7.701,104.372,22.7,4.5271799999999995,mw,40.0,182.5,,0.69,us,us2013nzdi,2014/11/07 01:50:33.724+00,"217 km SW of Labuan, Indonesia",earthquake,,16.5,,6.0,reviewed,us,us,4,2013,2013-04-14
2010-06-24 19:55:53.140000+00:00,-7.63,105.956,35.0,4.5271799999999995,mw,15.0,188.1,,1.14,us,usp000heg0,2014/11/07 01:41:44.007+00,"96 km SW of Pelabuhanratu, Indonesia",earthquake,,,,2.0,reviewed,us,us,6,2010,2010-06-24
1995-09-11 13:21:40.580000+00:00,-7.117,106.212,33.0,4.5271799999999995,mw,,,,0.9,us,usp000738a,2014/11/07 00:58:43.150+00,"40 km WSW of Pelabuhanratu, Indonesia",earthquake,,,,10.0,reviewed,us,us,9,1995,1995-09-11
2011-08-16 07:37:59.240000+00:00,-7.184,105.967,39.2,4.5271799999999995,mw,14.0,126.5,,1.49,us,usp000j6hr,2014/11/07 01:45:37.231+00,"68 km WSW of Pelabuhanratu, Indonesia",earthquake,,13.1,,3.0,reviewed,us,us,8,2011,2011-08-16
2022-07-12 15:14:14.313000+00:00,-8.8854,106.1036,10.0,4.5271799999999995,mw,29.0,130.0,1.607,0.7,us,us7000hs4f,2022/09/24 21:25:50.040+00,"215 km SSW of Pelabuhanratu, Indonesia",earthquake,4.2,1.9,0.144,14.0,reviewed,us,us,7,2022,2022-07-12
2022-06-15 11:31:54.856000+00:00,-7.7968,104.8278,10.0,4.5271799999999995,mw,17.0,84.0,2.77,0.54,us,us7000hirl,2022/08/21 00:17:31.040+00,"191 km SW of Labuan, Indonesia",earthquake,8.1,1.9,0.19,8.0,reviewed,us,us,6,2022,2022-06-15
2022-08-22 13:31:50.545000+00:00,-7.2174,104.7278,35.0,4.5271799999999995,mw,22.0,125.0,2.892,0.76,us,us7000i40a,2022/11/01 15:14:32.040+00,"153 km SW of Labuan, Indonesia",earthquake,5.5,1.963,0.19,10.0,reviewed,us,us,8,2022,2022-08-22
1987-10-28 00:03:54.950000+00:00,-7.305,105.324,33.0,4.5271799999999995,mw,,,,1.0,us,usp00039p7,2014/11/07 00:41:07.504+00,"116 km SSW of Labuan, Indonesia",earthquake,,,,3.0,reviewed,us,us,10,1987,1987-10-28
2020-05-08 20:39:50.063000+00:00,-7.6571,106.312,43.05,4.5271799999999995,mw,,68.0,1.34,0.89,us,us70009g4l,2020/07/29 22:14:21.040+00,"78 km SSW of Pelabuhanratu, Indonesia",earthquake,6.5,2.1,0.104,30.0,reviewed,us,us,5,2020,2020-05-08
2006-09-19 10:08:31.620000+00:00,-7.147,106.74,35.0,4.5271799999999995,mw,18.0,173.4,,0.68,us,usp000etdf,2014/11/07 01:30:15.109+00,"27 km SE of Pelabuhanratu, Indonesia",earthquake,,,,3.0,reviewed,us,us,9,2006,2006-09-19
2004-02-19 02:59:17.650000+00:00,-6.925,104.693,10.0,4.5271799999999995,mw,14.0,206.7,,0.84,us,usp000cmht,2014/11/07 01:21:22.741+00,"Sunda Strait, Indonesia",earthquake,,0.0,,4.0,reviewed,us,us,2,2004,2004-02-19
2004-10-23 14:59:52.780000+00:00,-8.324,105.699,35.0,4.5271799999999995,mw,19.0,142.9,,0.85,us,usp000d6wy,2014/11/07 01:23:48.290+00,"175 km SSW of Pelabuhanratu, Indonesia",earthquake,,0.0,,2.0,reviewed,us,us,10,2004,2004-10-23
1988-04-01 08:48:55.350000+00:00,-6.638,105.112,33.0,4.5271799999999995,mw,,,,1.1,us,usp0003ehv,2014/11/07 00:41:53.193+00,"84 km WSW of Labuan, Indonesia",earthquake,,,,3.0,reviewed,us,us,4,1988,1988-04-01
2020-07-10 04:55:56.615000+00:00,-7.3423,106.8384,46.22,4.5271799999999995,mw,,132.0,0.813,0.84,us,us7000aq78,2020/09/19 20:58:27.040+00,"47 km SSW of Sukabumi, Indonesia",earthquake,9.8,6.7,0.139,15.0,reviewed,us,us,7,2020,2020-07-10
2018-02-18 04:40:11.630000+00:00,-7.2558,106.4872,42.02,4.5271799999999995,mw,,115.0,3.308,0.82,us,us2000d8rz,2018/05/15 06:29:14.040+00,"30 km SSW of Pelabuhanratu, Indonesia",earthquake,7.8,4.2,0.138,15.0,reviewed,us,us,2,2018,2018-02-18
2007-10-20 05:50:16.890000+00:00,-7.142,106.624,10.0,4.5271799999999995,mw,20.0,83.6,,1.29,us,usp000fqxu,2014/11/07 01:33:57.888+00,"18 km SSE of Pelabuhanratu, Indonesia",earthquake,,,,5.0,reviewed,us,us,10,2007,2007-10-20
2018-04-16 17:50:53.990000+00:00,-7.3148,105.0233,10.0,4.5271799999999995,mw,,150.0,2.617,1.23,us,us1000dpb9,2018/07/17 02:05:28.040+00,"136 km SW of Labuan, Indonesia",earthquake,8.5,1.9,0.19,8.0,reviewed,us,us,4,2018,2018-04-16
1992-12-28 17:14:29.520000+00:00,-8.213,105.843,33.0,4.5271799999999995,mw,,,,1.4,us,usp0005jzv,2014/11/07 00:52:06.040+00,"156 km SSW of Pelabuhanratu, Indonesia",earthquake,,,,2.0,reviewed,us,us,12,1992,1992-12-28
2021-02-16 07:24:40.126000+00:00,-7.8021,106.8584,44.3,4.5271799999999995,mw,,132.0,0.854,0.5,us,us6000dk4l,2021/04/23 21:04:45.040+00,"92 km SW of Banjar, Indonesia",earthquake,8.4,5.3,0.118,21.0,reviewed,us,us,2,2021,2021-02-16
1984-03-29 03:11:43.240000+00:00,-6.576,105.165,33.0,4.5271799999999995,mw,,,,1.3,us,usp000232q,2014/11/07 00:34:40.335+00,"76 km WSW of Labuan, Indonesia",earthquake,,,,4.0,reviewed,us,us,3,1984,1984-03-29
2015-06-15 13:33:07.020000+00:00,-7.8212,104.4511,3.67,4.5271799999999995,mw,,190.0,3.745,0.5,us,us10002lyb,2015/08/20 00:43:58.040+00,"220 km SW of Labuan, Indonesia",earthquake,12.1,5.7,0.103,27.0,reviewed,us,us,6,2015,2015-06-15
2016-04-13 01:01:07.200000+00:00,-7.5846,106.3497,57.84,4.5271799999999995,mw,,84.0,1.465,1.27,us,us20005hnm,2016/06/21 01:14:10.040+00,"69 km SSW of Pelabuhanratu, Indonesia",earthquake,6.9,6.4,0.099,29.0,reviewed,us,us,4,2016,2016-04-13
2016-08-27 17:52:10.780000+00:00,-7.6672,105.694,44.26,4.5271799999999995,mw,,137.0,2.081,1.11,us,us10006j48,2016/11/29 01:28:42.040+00,"120 km SW of Pelabuhanratu, Indonesia",earthquake,7.1,9.5,0.124,19.0,reviewed,us,us,8,2016,2016-08-27
2008-07-13 03:58:28.440000+00:00,-8.39,105.311,34.6,4.5271799999999995,mw,18.0,115.7,,0.37,us,usp000gc18,2014/11/07 01:36:37.323+00,"206 km SW of Pelabuhanratu, Indonesia",earthquake,,,,4.0,reviewed,us,us,7,2008,2008-07-13
2008-07-04 11:07:49.670000+00:00,-8.282,105.322,35.0,4.5271799999999995,mw,27.0,67.9,,1.02,us,usp000gba9,2014/11/07 01:36:34.126+00,"south of Java, Indonesia",earthquake,,,,10.0,reviewed,us,us,7,2008,2008-07-04
1991-06-25 13:36:29.070000+00:00,-8.979,106.449,33.0,4.5271799999999995,mw,,,,1.7,us,usp0004td5,2014/11/07 00:48:47.228+00,"220 km S of Pelabuhanratu, Indonesia",earthquake,,,,4.0,reviewed,us,us,6,1991,1991-06-25
2008-04-21 03:48:48.390000+00:00,-7.895,104.352,35.0,4.5271799999999995,mw,30.0,177.0,,1.35,us,usp000g4f7,2014/11/07 01:35:41.157+00,"234 km SW of Labuan, Indonesia",earthquake,,,,12.0,reviewed,us,us,4,2008,2008-04-21
2024-04-28 01:19:39.563000+00:00,-7.5022,105.2117,15.764,4.5271799999999995,mw,22.0,132.0,2.418,0.89,us,us6000mwqh,2024/07/02 22:12:42.040+00,"141 km SSW of Labuan, Indonesia",earthquake,6.0,4.57,0.17,11.0,reviewed,us,us,4,2024,2024-04-28
1993-01-15 00:19:28.850000+00:00,-7.601,104.543,33.0,4.4261099999999995,mw,,,,0.7,us,usp0005ksq,2014/11/07 00:52:14.061+00,"196 km SW of Labuan, Indonesia",earthquake,,,,1.0,reviewed,us,us,1,1993,1993-01-15
2005-07-10 23:11:02.440000+00:00,-7.63,106.958,40.0,4.4261099999999995,mw,13.0,68.9,,0.76,us,usp000duym,2014/11/07 01:26:28.400+00,"70 km SW of Banjar, Indonesia",earthquake,,0.0,,1.0,reviewed,us,us,7,2005,2005-07-10
2014-04-04 19:24:09.040000+00:00,-7.0782,106.0233,54.23,4.4261099999999995,mw,,71.0,1.599,1.01,us,usb000pp1f,2014/06/11 06:06:08+00,"59 km W of Pelabuhanratu, Indonesia",earthquake,,6.4,0.09,37.0,reviewed,us,us,4,2014,2014-04-04
2019-07-28 13:32:46.317000+00:00,-7.6811,105.1944,35.0,4.4261099999999995,mw,,200.0,2.547,0.83,us,us600050vv,2019/10/11 20:12:45.040+00,"160 km SSW of Labuan, Indonesia",earthquake,11.9,1.9,0.201,7.0,reviewed,us,us,7,2019,2019-07-28
2011-10-11 00:57:57.080000+00:00,-7.705,105.916,35.0,4.4261099999999995,mw,19.0,115.4,,1.39,us,usp000j971,2014/11/07 01:46:05.930+00,"105 km SW of Pelabuhanratu, Indonesia",earthquake,,,,2.0,reviewed,us,us,10,2011,2011-10-11
2012-12-23 21:37:14.340000+00:00,-8.863,106.169,35.0,4.4261099999999995,mw,24.0,132.3,,1.18,us,usp000jxb3,2014/11/07 01:49:39.208+00,"211 km SSW of Pelabuhanratu, Indonesia",earthquake,,,,7.0,reviewed,us,us,12,2012,2012-12-23
2018-07-03 09:46:20.690000+00:00,-7.9941,106.3898,35.0,4.4261099999999995,mw,,116.0,2.575,1.19,us,us2000g18a,2018/09/27 14:03:45.040+00,"112 km S of Pelabuhanratu, Indonesia",earthquake,7.6,2.0,0.168,11.0,reviewed,us,us,7,2018,2018-07-03
2013-08-23 13:54:11.820000+00:00,-7.0445,105.1352,36.65,4.4261099999999995,mw,,146.0,2.706,1.26,us,usb000jgkq,2013/10/25 20:09:48+00,"106 km SW of Labuan, Indonesia",earthquake,,11.7,0.201,,reviewed,us,us,8,2013,2013-08-23
2014-12-01 01:50:23.380000+00:00,-7.8798,106.4275,52.1,4.4261099999999995,mw,,119.0,1.412,1.5,us,usc000t6y2,2015/02/24 00:35:14.040+00,"99 km S of Pelabuhanratu, Indonesia",earthquake,4.9,9.2,0.178,10.0,reviewed,us,us,12,2014,2014-12-01
2024-06-16 17:10:55.433000+00:00,-6.9653,104.4242,23.69,4.4261099999999995,mw,27.0,166.0,2.972,1.21,us,us6000n8ec,2024/08/23 18:02:46.040+00,"168 km WSW of Labuan, Indonesia",earthquake,9.27,6.625,0.138,15.0,reviewed,us,us,6,2024,2024-06-16
2016-01-30 14:43:21.570000+00:00,-8.0791,105.868,37.24,4.4261099999999995,mw,,133.0,2.395,0.62,us,us20004ww6,2016/04/14 22:51:35.040+00,"142 km SSW of Pelabuhanratu, Indonesia",earthquake,9.3,9.5,0.201,7.0,reviewed,us,us,1,2016,2016-01-30
2016-02-15 01:22:38.140000+00:00,-7.5997,105.8007,10.0,4.4261099999999995,mw,,129.0,2.866,1.17,us,us10004qta,2016/04/26 23:28:22.040+00,"107 km SW of Pelabuhanratu, Indonesia",earthquake,6.7,1.8,0.168,10.0,reviewed,us,us,2,2016,2016-02-15
2016-04-12 20:53:48.250000+00:00,-7.2477,105.3637,24.62,4.4261099999999995,mw,,142.0,3.225,1.41,us,us20005k4v,2016/06/21 01:14:10.040+00,"109 km SSW of Labuan, Indonesia",earthquake,6.0,5.4,0.133,18.0,reviewed,us,us,4,2016,2016-04-12
2024-09-16 21:46:25.680000+00:00,-6.9441,106.0941,31.155,4.4261099999999995,mw,28.0,63.0,1.627,0.38,us,us7000ng9k,2024/11/23 23:27:39.040+00,"50 km W of Pelabuhanratu, Indonesia",earthquake,8.82,4.652,0.119,20.0,reviewed,us,us,9,2024,2024-09-16
2024-09-16 22:50:48.232000+00:00,-6.9882,105.44,51.748,4.4261099999999995,mw,23.0,132.0,2.243,1.12,us,us7000ng9n,2024/11/23 23:27:40.040+00,"80 km SSW of Labuan, Indonesia",earthquake,8.4,6.808,0.168,10.0,reviewed,us,us,9,2024,2024-09-16
2010-04-06 05:08:05.850000+00:00,-7.382,106.491,60.0,4.4261099999999995,mw,17.0,116.9,,0.83,us,usp000hapz,2014/11/07 01:41:12.885+00,"44 km S of Pelabuhanratu, Indonesia",earthquake,,9.4,,1.0,reviewed,us,us,4,2010,2010-04-06
2009-03-10 05:41:49.550000+00:00,-7.331,106.037,10.0,4.4261099999999995,mw,16.0,97.1,,0.45,us,usp000gutf,2014/11/07 01:38:33.606+00,"68 km WSW of Pelabuhanratu, Indonesia",earthquake,,,,5.0,reviewed,us,us,3,2009,2009-03-10
2008-08-09 20:51:23.220000+00:00,-7.721,106.236,36.7,4.4261099999999995,mw,18.0,174.8,,0.82,us,usp000ge9x,2014/11/07 01:36:52.184+00,"88 km SSW of Pelabuhanratu, Indonesia",earthquake,,34.4,,6.0,reviewed,us,us,8,2008,2008-08-09
1999-04-18 09:00:36.630000+00:00,-7.296,105.909,33.0,4.4261099999999995,mw,,,,0.92,us,usp00096h0,2014/11/07 01:07:28.997+00,"78 km WSW of Pelabuhanratu, Indonesia",earthquake,,,,1.0,reviewed,us,us,4,1999,1999-04-18
2022-08-25 02:48:49.689000+00:00,-7.6401,106.661,45.444,4.4261099999999995,mw,20.0,102.0,0.996,0.36,us,us7000i4m3,2022/11/01 15:14:42.040+00,"73 km S of Pelabuhanratu, Indonesia",earthquake,8.32,8.086,0.201,7.0,reviewed,us,us,8,2022,2022-08-25
2021-01-14 01:51:17.879000+00:00,-8.1371,105.4526,10.0,4.4261099999999995,mw,,146.0,2.278,0.96,us,us7000d2dq,2021/03/20 21:25:28.040+00,"175 km SW of Pelabuhanratu, Indonesia",earthquake,8.8,1.9,0.137,15.0,reviewed,us,us,1,2021,2021-01-14
2022-10-01 18:39:05.637000+00:00,-6.8668,105.8876,14.709,4.4261099999999995,mw,29.0,127.0,1.715,0.81,us,us6000irk0,2022/12/10 22:53:32.040+00,"54 km S of Labuan, Indonesia",earthquake,6.49,4.078,0.138,16.0,reviewed,us,us,10,2022,2022-10-01
2002-12-15 12:38:06.010000+00:00,-8.646,106.257,33.0,4.4261099999999995,mw,18.0,,,0.89,us,usp000bkrq,2014/11/07 01:17:21.915+00,"186 km S of Pelabuhanratu, Indonesia",earthquake,,,,5.0,reviewed,us,us,12,2002,2002-12-15
2004-08-15 18:48:04.610000+00:00,-7.037,105.32,50.0,4.4261099999999995,mw,13.0,116.5,,0.67,us,usp000d27m,2014/11/07 01:23:13.039+00,"92 km SW of Labuan, Indonesia",earthquake,,,,2.0,reviewed,us,us,8,2004,2004-08-15
2007-11-20 05:10:02.310000+00:00,-7.059,105.08,35.0,4.4261099999999995,mw,16.0,159.6,,1.07,us,usp000fsyb,2014/11/07 01:34:12.387+00,"111 km SW of Labuan, Indonesia",earthquake,,,,3.0,reviewed,us,us,11,2007,2007-11-20
2008-04-25 02:23:14.500000+00:00,-7.051,105.378,51.0,4.4261099999999995,mw,15.0,193.2,,0.62,us,usp000g4sm,2014/11/07 01:35:42.980+00,"89 km SW of Labuan, Indonesia",earthquake,,,,4.0,reviewed,us,us,4,2008,2008-04-25
1982-10-12 02:35:15.390000+00:00,-7.364,105.873,33.0,4.3250399999999996,mw,,,,1.1,us,usp0001q64,2014/11/07 00:32:01.725+00,"85 km WSW of Pelabuhanratu, Indonesia",earthquake,,,,3.0,reviewed,us,us,10,1982,1982-10-12
1986-11-24 08:08:05.880000+00:00,-6.759,105.56,33.0,4.3250399999999996,mw,,,,0.5,us,usp00030bs,2014/11/07 00:39:22.734+00,"51 km SW of Labuan, Indonesia",earthquake,,,,1.0,reviewed,us,us,11,1986,1986-11-24
2007-12-21 09:55:53.200000+00:00,-6.764,105.724,35.0,4.3250399999999996,mw,13.0,199.7,,1.34,us,usp000fuxz,2014/11/07 01:34:27.721+00,"44 km SSW of Labuan, Indonesia",earthquake,,,,4.0,reviewed,us,us,12,2007,2007-12-21
2005-03-11 12:46:32.050000+00:00,-8.379,106.163,40.0,4.3250399999999996,mw,15.0,207.3,,0.99,us,usp000dhzp,2014/11/07 01:25:13.328+00,"159 km SSW of Pelabuhanratu, Indonesia",earthquake,,0.0,,2.0,reviewed,us,us,3,2005,2005-03-11
2005-07-25 08:03:14.910000+00:00,-8.23,105.982,35.0,4.3250399999999996,mw,13.0,114.6,,1.02,us,usp000dvvt,2014/11/07 01:26:33.215+00,"151 km SSW of Pelabuhanratu, Indonesia",earthquake,,,,2.0,reviewed,us,us,7,2005,2005-07-25
2020-07-11 09:15:03.907000+00:00,-8.1808,106.4415,34.99,4.3250399999999996,mw,,120.0,1.393,0.49,us,us7000aqbh,2020/09/19 20:58:28.040+00,"132 km S of Pelabuhanratu, Indonesia",earthquake,9.2,5.6,0.153,12.0,reviewed,us,us,7,2020,2020-07-11
2007-09-09 21:26:51.630000+00:00,-7.682,106.88,35.0,4.3250399999999996,mw,20.0,68.2,,0.66,us,usp000fmt4,2014/11/07 01:33:32.234+00,"81 km SW of Banjar, Indonesia",earthquake,,,,6.0,reviewed,us,us,9,2007,2007-09-09
2008-04-23 19:29:47.530000+00:00,-8.215,106.705,35.0,4.3250399999999996,mw,15.0,107.2,,0.82,us,usp000g4ns,2014/11/07 01:35:41.936+00,"136 km S of Pelabuhanratu, Indonesia",earthquake,,0.0,,1.0,reviewed,us,us,4,2008,2008-04-23
2010-09-01 18:52:13.160000+00:00,-8.753,105.92,10.0,4.3250399999999996,mw,13.0,207.7,,1.01,us,usp000hk17,2014/11/07 01:42:21.562+00,"207 km SSW of Pelabuhanratu, Indonesia",earthquake,,,,2.0,reviewed,us,us,9,2010,2010-09-01
2011-04-07 22:07:10.920000+00:00,-7.225,105.931,35.0,4.3250399999999996,mw,13.0,180.7,,0.19,us,usp000hzg3,2014/11/07 01:44:30.175+00,"73 km WSW of Pelabuhanratu, Indonesia",earthquake,,,,6.0,reviewed,us,us,4,2011,2011-04-07
2018-09-08 23:58:25.010000+00:00,-7.7387,106.8208,56.9,4.3250399999999996,mw,,108.0,2.958,1.2,us,us2000hgpc,2018/11/14 17:40:19.040+00,"88 km SSE of Pelabuhanratu, Indonesia",earthquake,5.9,10.6,0.159,11.0,reviewed,us,us,9,2018,2018-09-08
2013-08-17 07:31:13.840000+00:00,-6.8674,105.2525,39.2,4.3250399999999996,mw,,169.0,2.633,1.21,us,usb000jab0,2013/10/19 02:41:48+00,"83 km SW of Labuan, Indonesia",earthquake,,5.8,0.264,,reviewed,us,us,8,2013,2013-08-17
2013-12-01 21:37:38.240000+00:00,-7.7472,104.2432,34.86,4.3250399999999996,mw,,89.0,3.051,0.58,us,usb000lbwj,2014/02/12 01:08:40+00,"231 km SW of Labuan, Indonesia",earthquake,,4.4,0.128,,reviewed,us,us,12,2013,2013-12-01
2013-12-18 07:02:33.590000+00:00,-8.6252,105.6901,35.0,4.3250399999999996,mw,,180.0,2.357,0.63,us,usc000lnvp,2014/02/27 21:37:21+00,"204 km SSW of Pelabuhanratu, Indonesia",earthquake,,8.3,0.216,,reviewed,us,us,12,2013,2013-12-18
2013-12-31 10:27:41+00:00,-7.5122,105.072,45.59,4.3250399999999996,mw,,175.0,2.613,0.91,us,usb000m2u7,2014/02/28 08:44:14+00,"150 km SW of Labuan, Indonesia",earthquake,,8.7,0.187,,reviewed,us,us,12,2013,2013-12-31
2014-01-08 12:24:29.650000+00:00,-6.4888,104.9771,59.63,4.3250399999999996,mw,,185.0,2.64,0.73,us,usb000m78c,2014/03/15 03:38:35+00,"95 km W of Labuan, Indonesia",earthquake,,11.4,0.237,6.0,reviewed,us,us,1,2014,2014-01-08
2015-01-29 11:04:45.810000+00:00,-7.4679,104.3682,50.59,4.3250399999999996,mw,,173.0,3.251,0.7,us,usc000tmfp,2015/05/02 14:07:28.040+00,"201 km SW of Labuan, Indonesia",earthquake,9.3,6.0,0.264,7.0,reviewed,us,us,1,2015,2015-01-29
2017-09-23 09:03:03.620000+00:00,-7.1134,105.2691,23.22,4.3250399999999996,mw,,154.0,3.367,0.69,us,us2000aug7,2017/12/19 01:54:13.040+00,"102 km SW of Labuan, Indonesia",earthquake,7.3,9.2,0.176,9.0,reviewed,us,us,9,2017,2017-09-23
2010-09-16 05:09:10.010000+00:00,-7.93,106.834,56.9,4.3250399999999996,mw,16.0,107.2,,0.81,us,usp000hktb,2014/11/07 01:42:28.288+00,"104 km SW of Banjar, Indonesia",earthquake,,8.9,,2.0,reviewed,us,us,9,2010,2010-09-16
2000-03-14 06:33:17.810000+00:00,-6.95,106.234,33.0,4.3250399999999996,mw,,,,1.03,us,usp0009ppp,2014/11/07 01:09:41.806+00,"Java, Indonesia",earthquake,,,,1.0,reviewed,us,us,3,2000,2000-03-14
1991-11-23 06:39:07.230000+00:00,-8.658,106.499,33.0,4.3250399999999996,mw,,,,0.6,us,usp0004zgq,2014/11/07 00:49:35.914+00,"184 km S of Pelabuhanratu, Indonesia",earthquake,,,,1.0,reviewed,us,us,11,1991,1991-11-23
2021-06-17 19:32:10.100000+00:00,-8.7014,105.8441,10.0,4.3250399999999996,mw,,146.0,2.17,0.84,us,us7000ef90,2021/08/26 21:59:30.040+00,"204 km SSW of Pelabuhanratu, Indonesia",earthquake,4.8,1.9,0.237,5.0,reviewed,us,us,6,2021,2021-06-17
1999-01-29 11:50:43.380000+00:00,-7.164,105.191,33.0,4.3250399999999996,mw,,,,1.34,us,usp00091wu,2014/11/07 01:06:52.366+00,"111 km SW of Labuan, Indonesia",earthquake,,,,3.0,reviewed,us,us,1,1999,1999-01-29
1998-08-17 17:46:14.370000+00:00,-8.235,106.744,33.0,4.22397,mw,,,,1.11,us,usp0008te3,2014/11/07 01:05:50.215+00,"137 km SSW of Banjar, Indonesia",earthquake,,,,1.0,reviewed,us,us,8,1998,1998-08-17
1999-11-23 22:25:42.990000+00:00,-6.752,105.473,33.0,4.22397,mw,,,,1.02,us,usp0009j12,2014/11/07 01:08:59.802+00,"57 km SW of Labuan, Indonesia",earthquake,,,,1.0,reviewed,us,us,11,1999,1999-11-23
2018-04-11 12:28:02.340000+00:00,-7.2392,104.9767,35.0,4.22397,mw,,150.0,2.65,0.52,us,us2000e24l,2018/07/07 02:25:18.040+00,"134 km SW of Labuan, Indonesia",earthquake,6.8,1.9,0.112,22.0,reviewed,us,us,4,2018,2018-04-11
2023-05-24 16:38:26.547000+00:00,-7.6953,105.3229,18.68,4.22397,mw,15.0,199.0,2.319,0.4,us,us7000k57q,2023/07/29 22:00:47.040+00,"156 km SSW of Labuan, Indonesia",earthquake,11.98,7.763,0.234,5.0,reviewed,us,us,5,2023,2023-05-24
2008-11-15 09:03:57.730000+00:00,-7.395,106.127,35.0,4.22397,mw,15.0,104.3,,1.09,us,usp000gnr7,2014/11/07 01:37:44.385+00,"65 km SW of Pelabuhanratu, Indonesia",earthquake,,,,5.0,reviewed,us,us,11,2008,2008-11-15
2021-09-14 09:14:38.122000+00:00,-6.8028,105.7018,56.55,4.22397,mw,,115.0,2.041,0.55,us,us7000fcww,2021/11/23 15:11:51.040+00,"49 km SSW of Labuan, Indonesia",earthquake,8.0,4.7,0.145,13.0,reviewed,us,us,9,2021,2021-09-14
2008-01-01 22:54:31.030000+00:00,-7.646,104.036,35.0,4.22397,mw,25.0,79.4,,0.68,us,usp000fvtp,2014/11/07 01:34:35.412+00,"242 km SW of Labuan, Indonesia",earthquake,,,,10.0,reviewed,us,us,1,2008,2008-01-01
2016-03-31 20:27:09.570000+00:00,-7.6447,104.4598,10.0,4.22397,mw,,177.0,3.054,1.07,us,us20005fv1,2016/06/10 23:32:59.040+00,"southwest of Sumatra, Indonesia",earthquake,5.6,1.9,0.186,8.0,reviewed,us,us,3,2016,2016-03-31
1983-07-25 10:27:08.830000+00:00,-7.761,106.451,33.0,4.22397,mw,,,,0.9,us,usp0001x3n,2014/11/07 00:33:30.623+00,"86 km S of Pelabuhanratu, Indonesia",earthquake,,,,1.0,reviewed,us,us,7,1983,1983-07-25
2005-08-23 13:57:41.320000+00:00,-6.896,106.093,10.0,4.1229,mw,7.0,180.3,,0.83,us,usp000dxwp,2014/11/07 01:26:51.725+00,"51 km WNW of Pelabuhanratu, Indonesia",earthquake,,,,1.0,reviewed,us,us,8,2005,2005-08-23
2006-11-23 00:06:49.720000+00:00,-8.511,106.335,35.0,4.1229,mw,13.0,115.7,,0.56,us,usp000eykb,2014/11/07 01:30:55.894+00,"170 km S of Pelabuhanratu, Indonesia",earthquake,,,,4.0,reviewed,us,us,11,2006,2006-11-23
2002-10-04 15:18:21.280000+00:00,-7.673,104.848,33.0,4.1229,mw,8.0,,,1.03,us,usp000bdsu,2014/11/07 01:16:41.858+00,"179 km SW of Labuan, Indonesia",earthquake,,,,2.0,reviewed,us,us,10,2002,2002-10-04
2003-06-24 00:50:58.490000+00:00,-6.953,106.263,33.0,4.1229,mw,13.0,180.2,,1.03,us,usp000c0sz,2014/11/07 01:18:59.370+00,"32 km W of Pelabuhanratu, Indonesia",earthquake,,,,1.0,reviewed,us,us,6,2003,2003-06-24
2009-01-07 21:00:39.920000+00:00,-6.972,105.223,35.0,4.02183,mw,13.0,181.1,,0.53,us,usp000gsbb,2014/11/07 01:38:10.862+00,"93 km SW of Labuan, Indonesia",earthquake,,,,3.0,reviewed,us,us,1,2009,2009-01-07
2008-11-27 03:58:41.980000+00:00,-7.742,106.508,35.0,4.02183,mw,11.0,198.4,,0.95,us,usp000gphf,2014/11/07 01:37:48.384+00,"83 km S of Pelabuhanratu, Indonesia",earthquake,,,,2.0,reviewed,us,us,11,2008,2008-11-27
1999-04-07 19:18:03.900000+00:00,-7.569,104.552,33.0,3.8196899999999996,mw,,,,1.13,us,usp00095y7,2014/11/07 01:07:25.417+00,"193 km SW of Labuan, Indonesia",earthquake,,,,2.0,reviewed,us,us,4,1999,1999-04-07
